[
  {
    "kind": "drive#file",
    "mimeType": "application/vnd.google-apps.folder",
    "id": "1JgxEzFfU0hBwxSoyIFZySFWR2bleijkN",
    "name": "2023-2024",
    "children": [
      {
        "kind": "drive#file",
        "mimeType": "application/vnd.google-apps.folder",
        "id": "11Erc2EFc_4aHrbOlfM-JOzmNRtCmJ605",
        "name": "Kevät 2024",
        "children": []
      },
      {
        "kind": "drive#file",
        "mimeType": "application/vnd.google-apps.folder",
        "id": "10bDuUOdIHqS5F3t5qKQfl89eqw7RocqZ",
        "name": "Syksy 2023",
        "children": [
          {
            "kind": "drive#file",
            "mimeType": "application/pdf",
            "id": "1JQk0VUgkuMZydCD_oJb2c7E4naIZWaLy",
            "name": "Kotimaani ompi Suomi in C.pdf"
          },
          {
            "kind": "drive#file",
            "mimeType": "application/pdf",
            "id": "1wJN0PumckEZN9wU4I1FUZf5xtwaWejYO",
            "name": "Kotimaani ompi Suomi in A.pdf"
          },
          {
            "kind": "drive#file",
            "mimeType": "application/pdf",
            "id": "1MX7hoGN-7Hr5f8zLlkNOLGHTfs1LUfjI",
            "name": "Tonttu in Bm_stemmat.pdf"
          },
          {
            "kind": "drive#file",
            "mimeType": "application/pdf",
            "id": "1QZn9zxiqw_Uot-9rD2KF5F9MuXddl9OZ",
            "name": "Children O The Sky_3 Ääni.pdf"
          },
          {
            "kind": "drive#file",
            "mimeType": "application/pdf",
            "id": "1ZQVgzb_G43OVwK9HWiVD1qu2xHkPFQ_C",
            "name": "Children O The Sky_2 Ääni.pdf"
          },
          {
            "kind": "drive#file",
            "mimeType": "application/pdf",
            "id": "1TDa3eqQx-f-ooSkO4mkGKtX7qDZ7BVZf",
            "name": "Children O The Sky_Melodia.pdf"
          },
          {
            "kind": "drive#file",
            "mimeType": "application/pdf",
            "id": "1O_FrMtyVE9Nl6xMT5c7qynClIm6j70W3",
            "name": "Children O The Sky_Orkesteri.pdf"
          },
          {
            "kind": "drive#file",
            "mimeType": "application/pdf",
            "id": "1DMsKCkMQNdK-d5n6wmHcvFiF1O35_TZ2",
            "name": "Iloista joulua -sikermä.pdf"
          },
          {
            "kind": "drive#file",
            "mimeType": "application/pdf",
            "id": "1Vcvv1Nt6TOFuP-G-Ab83cmM6zw3iKfoi",
            "name": "Malungsleken_stemma.pdf"
          },
          {
            "kind": "drive#file",
            "mimeType": "application/pdf",
            "id": "1B_N2M4Y52HkJkoD000qfyzyjidyuAWe2",
            "name": "Finlandia.pdf"
          },
          {
            "kind": "drive#file",
            "mimeType": "application/pdf",
            "id": "1YqxVEl7mApNr-Gl11RP4tFE_ckORVdLq",
            "name": "Iloista joulua -melodiastemma.pdf"
          },
          {
            "kind": "drive#file",
            "mimeType": "application/pdf",
            "id": "1miw8Wd-d1w0xOtuJVGH08X0K_I0VRSiz",
            "name": "Hambo 1492_MS.pdf"
          },
          {
            "kind": "drive#file",
            "mimeType": "application/pdf",
            "id": "1Hemnhk4uOT7ta-j5rwq_3wPic-6w-a6x",
            "name": "Si Bheag Si Mhor.pdf"
          },
          {
            "kind": "drive#file",
            "mimeType": "application/pdf",
            "id": "1eicNWFIo97ngZSpCc9Nyt3WtlHYmI8HH",
            "name": "The Lilting Banshee_stemmalla.pdf"
          },
          {
            "kind": "drive#file",
            "mimeType": "application/pdf",
            "id": "1t64zIUuFvuqnf5945wOU3WjTVAxphCkv",
            "name": "Jimmy Wards_stemmalla.pdf"
          },
          {
            "kind": "drive#file",
            "mimeType": "application/pdf",
            "id": "1WC1TfVfnkec-mtEedZeitOWTNqA4pHa2",
            "name": "Taarnapotin sotiisi.pdf"
          },
          {
            "kind": "drive#file",
            "mimeType": "application/pdf",
            "id": "1wUReq8knSJ3J_1UTUsQ1SvcXTMPeapVD",
            "name": "Jatsit kehiin!.pdf"
          },
          {
            "kind": "drive#file",
            "mimeType": "application/pdf",
            "id": "1H95LiU64bJCsQtnNAU66dRc8JF_txqwG",
            "name": "Maria_stemmalla.pdf"
          },
          {
            "kind": "drive#file",
            "mimeType": "application/pdf",
            "id": "1jTd9ElAEGiUl7XsY5igFcvwv97vexF8p",
            "name": "Ahjolan Pelimannit Kaustisella 2023_ohjelmisto.pdf"
          },
          {
            "kind": "drive#file",
            "mimeType": "application/pdf",
            "id": "1XmYWJV7nAICOUKXig8wuY51zV1MjFcuW",
            "name": "Bussen.pdf"
          },
          {
            "kind": "drive#file",
            "mimeType": "application/pdf",
            "id": "1UTvhpp2V5T0onEe0hPtr6douoG0qtjmL",
            "name": "FJIG.pdf"
          }
        ]
      }
    ]
  },
  {
    "kind": "drive#file",
    "mimeType": "application/vnd.google-apps.folder",
    "id": "14PnUAfmpmyyuxITZsqn9QPhvE2nOJUpt",
    "name": "2022-2023",
    "children": [
      {
        "kind": "drive#file",
        "mimeType": "application/vnd.google-apps.folder",
        "id": "1kPmAD0Dfx8mm2cnQHvYzA2oCTBkjz3Bw",
        "name": "Kevät 2023",
        "children": [
          {
            "kind": "drive#file",
            "mimeType": "application/pdf",
            "id": "1r0uSl8U0mQ9u912MzFqaosAi8bl8PACD",
            "name": "Gandzja_Kaminets.pdf"
          },
          {
            "kind": "drive#file",
            "mimeType": "application/pdf",
            "id": "1fwGK7ez8hgxc9I9gvad_UDsQO_5KvsWP",
            "name": "Minun kultani kaunis on.pdf"
          },
          {
            "kind": "drive#file",
            "mimeType": "application/pdf",
            "id": "1Jexbr1_CQdB72zvB2WrWJlqEts5BhPBe",
            "name": "Polska Lohjalta.pdf"
          },
          {
            "kind": "drive#file",
            "mimeType": "application/pdf",
            "id": "1v-3bJsde6IXrqAuTm2y70afwkFsBTQ4O",
            "name": "Masurkka 3. & 4. Vetelistä.pdf"
          },
          {
            "kind": "drive#file",
            "mimeType": "application/x-musescore",
            "id": "13RzAODi2BY94QxiYiO-J0o01WOvyUnjb",
            "name": "Afar_in D.mscz"
          },
          {
            "kind": "drive#file",
            "mimeType": "application/pdf",
            "id": "1YQecXtpsei-ZIj1jeysUK1QKv3MCeK4s",
            "name": "Afar_in D.pdf"
          },
          {
            "kind": "drive#file",
            "mimeType": "application/pdf",
            "id": "1gf3aRzP8ytbxiiAdgeayhGTsxIVOFO4I",
            "name": "Midnight On The Water.pdf"
          },
          {
            "kind": "drive#file",
            "mimeType": "application/pdf",
            "id": "1ru03jNUG--ibfmVgMmQHr15izRjwa4Bs",
            "name": "Ashokan Farewell.pdf"
          },
          {
            "kind": "drive#file",
            "mimeType": "application/x-musescore",
            "id": "1ONtl8en-G4ua_GtRG7CfI7GbqbGprUlR",
            "name": "Ashokan Farewell.mscz"
          },
          {
            "kind": "drive#file",
            "mimeType": "application/pdf",
            "id": "1GFudSRfWPgKeW0ebw7SRH4qjlAbj9V7g",
            "name": "Hyppytahti_2 versiota.pdf"
          },
          {
            "kind": "drive#file",
            "mimeType": "application/vnd.google-apps.folder",
            "id": "10VUF8N2K4wmKnuwSiAp6tnFw0k4OQypx",
            "name": "Kevätsoiton yhteiskappaleet 16.4.",
            "children": [
              {
                "kind": "drive#file",
                "mimeType": "application/vnd.google-apps.document",
                "id": "1EuNSzSBDvAPqDfsfJSsP-EcJqMfMqA9WcFkZJMBwgoM",
                "name": "Kukko-Mikon polkka"
              },
              {
                "kind": "drive#file",
                "mimeType": "application/pdf",
                "id": "10ekT7f77w_5UdCyiKCSe0UWkOYwm_IZI",
                "name": "Längelmäki-jenkka.pdf"
              },
              {
                "kind": "drive#file",
                "mimeType": "application/pdf",
                "id": "1WrxjnBVMa_vpf9NS8YPAagp2essH2hTu",
                "name": "Kukko-Mikon polkka.pdf"
              },
              {
                "kind": "drive#file",
                "mimeType": "application/pdf",
                "id": "169kPvme0HH8JLvNTq-RMCs_yIC8fTfWe",
                "name": "Orihvesi schottishe.pdf"
              },
              {
                "kind": "drive#file",
                "mimeType": "application/pdf",
                "id": "19CmtlEeNHHSSIbVk8PVmaVauQ6rKuhR5",
                "name": "Pellavatukka.pdf"
              },
              {
                "kind": "drive#file",
                "mimeType": "application/pdf",
                "id": "1ZI4pcG04Yguv9lRD2TUGoo00SF3cR34Y",
                "name": "Ystävyys-valssi.pdf"
              }
            ]
          },
          {
            "kind": "drive#file",
            "mimeType": "application/pdf",
            "id": "18qWmDWCyKfqSSsfqHhHjcmnGv9BvOumF",
            "name": "Bussen.pdf"
          },
          {
            "kind": "drive#file",
            "mimeType": "application/pdf",
            "id": "18Ce7h9Vn--40BIcRnImD_o6cZI9ASpI3",
            "name": "Kukko-Mikon polkka.pdf"
          },
          {
            "kind": "drive#file",
            "mimeType": "application/pdf",
            "id": "1Oe6aluXdzAiOMv7MbNdi4brSPHnY4APz",
            "name": "The Sally Gardens.pdf"
          },
          {
            "kind": "drive#file",
            "mimeType": "application/pdf",
            "id": "1nKztrlNQCfMg1yusGQ9p0b6PcjH1Wy9V",
            "name": "The Harvest Home_D.pdf"
          },
          {
            "kind": "drive#file",
            "mimeType": "application/pdf",
            "id": "1m2xj-xSUOoSfyM7yF6UjlJr3bKsaCYxy",
            "name": "The Boys of Bluehill_Hornpipe.pdf"
          },
          {
            "kind": "drive#file",
            "mimeType": "application/x-musescore",
            "id": "1s4QHc6j88Sim2AL1TMqCZZRvMz8TvNGa",
            "name": "Ukaan sottiisi.mscz"
          },
          {
            "kind": "drive#file",
            "mimeType": "application/pdf",
            "id": "10E7gLeclE-_sZMHQWL-39E-VU7sg0TA7",
            "name": "Ukaan sottiisi.pdf"
          },
          {
            "kind": "drive#file",
            "mimeType": "application/pdf",
            "id": "1JZDVy6ddUHM1mQa9e7gYqXgFowAqCjk9",
            "name": "Hermannin mollipolkka Gm.pdf"
          },
          {
            "kind": "drive#file",
            "mimeType": "application/pdf",
            "id": "17o_htgQA37gO4Su_mGvpt_KM8sg2gMtw",
            "name": "Kauan odotettu_stemmat.pdf"
          }
        ]
      },
      {
        "kind": "drive#file",
        "mimeType": "application/vnd.google-apps.folder",
        "id": "1HV3Hf0mywyrFna6x1Su6XdNflIeC3U0v",
        "name": "Syksy 2022",
        "children": [
          {
            "kind": "drive#file",
            "mimeType": "application/pdf",
            "id": "1jZUh2fuIjq0OmvJ7G54R6EL1xqeWMcpg",
            "name": "Walking In The Air_stemmat.pdf"
          },
          {
            "kind": "drive#file",
            "mimeType": "application/pdf",
            "id": "1LaLP6GXuxEYqwdEmcbVAwvjxczqaIsYJ",
            "name": "Afar_in D.pdf"
          },
          {
            "kind": "drive#file",
            "mimeType": "application/x-musescore",
            "id": "1_gdtIsBk7hFprFGt0683D66NTmUoyo7P",
            "name": "Afar_in D.mscz"
          },
          {
            "kind": "drive#file",
            "mimeType": "application/pdf",
            "id": "1-o1kSAlavlswlfVjba6nv2vVlK8SUinL",
            "name": "Bryllupshopsa.pdf"
          },
          {
            "kind": "drive#file",
            "mimeType": "application/x-musescore",
            "id": "1-B9g3kXANs_3btpf1nJbGBW6V85pWNXp",
            "name": "Tyyskipolkka_stemma.mscz"
          },
          {
            "kind": "drive#file",
            "mimeType": "application/pdf",
            "id": "1o4xkEpX7kMfRK7PI9LJTAtA-8lQhCzu5",
            "name": "Tyyskipolkka_stemmat.pdf"
          },
          {
            "kind": "drive#file",
            "mimeType": "application/pdf",
            "id": "1n2KSy3O5QtK-SwLg2nJ-fGkSLhRI-6Np",
            "name": "Hymne A L'amour.pdf"
          },
          {
            "kind": "drive#file",
            "mimeType": "application/pdf",
            "id": "1FKAAQzD9k8q2ZesYF-pkv8mpbnoqu8ts",
            "name": "Tanelin valssi - Pynttärin Taunon valssi.pdf"
          },
          {
            "kind": "drive#file",
            "mimeType": "application/pdf",
            "id": "1gXTL9VKyuguQdclFnrJ2PI_U_ciBTdUs",
            "name": "Moodi ilolle_duurin moodit C ja G.pdf"
          },
          {
            "kind": "drive#file",
            "mimeType": "application/pdf",
            "id": "1md99-3mG5ABWowyDuZ2eaHfBgky01vS0",
            "name": "FJIG.pdf"
          },
          {
            "kind": "drive#file",
            "mimeType": "application/pdf",
            "id": "1sROJTwiDUR0tO0Qd6umcqCW0GILqE1S0",
            "name": "Länneltä tuulee_boogie woogie.pdf"
          },
          {
            "kind": "drive#file",
            "mimeType": "application/pdf",
            "id": "1EFDljv9QLKLAwWjPbrazQWkKrO3vABMh",
            "name": "Muskrat Ramble.pdf"
          },
          {
            "kind": "drive#file",
            "mimeType": "application/pdf",
            "id": "1hpLmP6y8ziYMhBJPycql5TXYpQoZYM6x",
            "name": "Lato-Matin jenkka.pdf"
          },
          {
            "kind": "drive#file",
            "mimeType": "application/x-musescore",
            "id": "1vmb-rtYt1yIAgzaU85wMydD2BuHKzes_",
            "name": "Lato-Matin jenkka.mscz"
          },
          {
            "kind": "drive#file",
            "mimeType": "application/pdf",
            "id": "11JGo67pZNfvHfuVcrg3axKX9jwqscjgX",
            "name": "159 Lyckönskamarsch.pdf"
          },
          {
            "kind": "drive#file",
            "mimeType": "application/pdf",
            "id": "1NbhZ7O41ETOvTuV1e8BMMNErF20zgNmZ",
            "name": "131b Brudmarsch från Hitis.pdf"
          },
          {
            "kind": "drive#file",
            "mimeType": "application/pdf",
            "id": "1KPWdttHHQ275mfjS__qeCurVVN767s2q",
            "name": "Kolomijka.pdf"
          },
          {
            "kind": "drive#file",
            "mimeType": "application/pdf",
            "id": "1gq1uUiNcJMtcW-apTLrzgR6q8niZ22Wx",
            "name": "Auchindrain_uusi.pdf"
          },
          {
            "kind": "drive#file",
            "mimeType": "application/pdf",
            "id": "1RyXDNKLqKjwgrNFiJ9M4kL1ZeSXqboxA",
            "name": "Kapten Lindholm.pdf"
          },
          {
            "kind": "drive#file",
            "mimeType": "application/pdf",
            "id": "1FE766e_Zw1zOXedcZbiQgNTw1ltblqDV",
            "name": "Sherele.pdf"
          },
          {
            "kind": "drive#file",
            "mimeType": "application/pdf",
            "id": "1oPhkjE0PAUUphpXc1mGoneCnwp3rtXZQ",
            "name": "Sherele Mazel Tov.pdf"
          }
        ]
      }
    ]
  },
  {
    "kind": "drive#file",
    "mimeType": "application/vnd.google-apps.folder",
    "id": "1gJ0woYU0o7jMWkd6uijn3N8NQfKHV7GX",
    "name": "2020-2021",
    "children": [
      {
        "kind": "drive#file",
        "mimeType": "application/vnd.google-apps.folder",
        "id": "1nPKQVCSCufSZUfhNkb085G1PBABghuMA",
        "name": "Kevät 2021",
        "children": [
          {
            "kind": "drive#file",
            "mimeType": "application/pdf",
            "id": "1E_-nFxHk6KqDJNKYBlIHhBNI8F034FUA",
            "name": "Böl Olle_stemma_selkeä.pdf"
          },
          {
            "kind": "drive#file",
            "mimeType": "application/pdf",
            "id": "1zScj5OOYji2QUCFrRPrd_NzmLrV-Ykhm",
            "name": "Muuttohaukka_stemmat.pdf"
          },
          {
            "kind": "drive#file",
            "mimeType": "application/pdf",
            "id": "1qdiOgL3cwrFO89f4Jl65hpe8-dKw5djh",
            "name": "The Bahnshee.pdf"
          },
          {
            "kind": "drive#file",
            "mimeType": "application/pdf",
            "id": "1IUANh7q27dCQ0YFgNMyhs9jKyTGeEdsj",
            "name": "The Star of Munster.pdf"
          },
          {
            "kind": "drive#file",
            "mimeType": "application/pdf",
            "id": "1pusJU9iJy3ihPI1C0yMQ1Eu71_Z2ZFmE",
            "name": "The Black Pig.pdf"
          },
          {
            "kind": "drive#file",
            "mimeType": "application/pdf",
            "id": "1J-wg4wpZvnMymZmYgNZXqLk-k3gh1w5_",
            "name": "Hermannin mollipolkka Gm.pdf"
          },
          {
            "kind": "drive#file",
            "mimeType": "application/pdf",
            "id": "1mVe0nyofB9ct1TPZtXRmiiF-aiT-Hx-A",
            "name": "Kauan odotettu_stemma.pdf"
          },
          {
            "kind": "drive#file",
            "mimeType": "application/pdf",
            "id": "1LttmveJ5_pWonz13SgDjtzvK9OVQhhRq",
            "name": "Anttilan keväthuumaus.pdf"
          },
          {
            "kind": "drive#file",
            "mimeType": "application/pdf",
            "id": "1xpiPS5ttSXgxdhHDf4giP2B3GqFg3-t7",
            "name": "Vals efter Jons Persson.pdf"
          },
          {
            "kind": "drive#file",
            "mimeType": "application/pdf",
            "id": "1XPChmUEr2lpyqMHd47XuFZ3XRYgSMZtr",
            "name": "Snigelschottis_uusi.pdf"
          },
          {
            "kind": "drive#file",
            "mimeType": "application/pdf",
            "id": "1ox0YnPGOPzlKNi5ra5GsSv3BUevVJdLO",
            "name": "F-duuripolska.pdf"
          },
          {
            "kind": "drive#file",
            "mimeType": "application/pdf",
            "id": "1qAT1gHKKN4t4_8FXaC_-Q9lTPopxOkC-",
            "name": "Groenne Ål in C.pdf"
          },
          {
            "kind": "drive#file",
            "mimeType": "application/pdf",
            "id": "1ul-HeCxoNiUOdb_w1R5PG3ysWYKGOeCq",
            "name": "Kylä vuotti uutta kuuta.pdf"
          },
          {
            "kind": "drive#file",
            "mimeType": "application/pdf",
            "id": "1WK8RAaxG9qOGd5MRJMJJmN1Mr_jCCIIh",
            "name": "Himlens polska_AP.pdf"
          },
          {
            "kind": "drive#file",
            "mimeType": "application/pdf",
            "id": "1eXxCaoH2gL7UB2LeCuUk5M55CSAE1WcW",
            "name": "High_Peak_Trail.pdf"
          },
          {
            "kind": "drive#file",
            "mimeType": "application/pdf",
            "id": "1912f1lKMsalz9MrEd38cVeqT2ObwOZj3",
            "name": "Peaks Old Time_G.pdf"
          },
          {
            "kind": "drive#file",
            "mimeType": "application/pdf",
            "id": "1ZIS4HE6YkFRSmZnZR84quzBAJ3AvEYAo",
            "name": "Peltoniemen Hintrikin surumarssi_Gm.pdf"
          },
          {
            "kind": "drive#file",
            "mimeType": "application/pdf",
            "id": "1uZ_8eyr612LpoaGEjpUQaIeP2b0vj9Av",
            "name": "Kellarin kautta (2).pdf"
          },
          {
            "kind": "drive#file",
            "mimeType": "application/pdf",
            "id": "17Hga22BBIyheV6r1LWIjYAkMaq5wcyr-",
            "name": "Groenne Ål.pdf"
          },
          {
            "kind": "drive#file",
            "mimeType": "application/pdf",
            "id": "1AL5c071UKPXMiNR8d2Yoz4I0TO_nnXMt",
            "name": "Härjedalingen.pdf"
          },
          {
            "kind": "drive#file",
            "mimeType": "application/pdf",
            "id": "1gcdOOPccCvbY1zan3RaFsT5RTKEbrXg-",
            "name": "Steffaleken in C.pdf"
          },
          {
            "kind": "drive#file",
            "mimeType": "application/pdf",
            "id": "1AJXMTBr0Meig3eyyucLp3gTrd0J8DLm3",
            "name": "Ängen var grön och flickan var skön.pdf"
          },
          {
            "kind": "drive#file",
            "mimeType": "application/pdf",
            "id": "17jh50TykwV-zZgjwhNSNKnhXKmi4sxq0",
            "name": "Böl-Olles Schottis.pdf"
          },
          {
            "kind": "drive#file",
            "mimeType": "application/pdf",
            "id": "11bGDXhTELlehyNy4_l_Izs3oc2ug813j",
            "name": "Äärelä.pdf"
          },
          {
            "kind": "drive#file",
            "mimeType": "application/pdf",
            "id": "1O3RtstMEbrWntvBqqPFTDVCLEyu034He",
            "name": "Whiskey Before Breakfast.pdf"
          },
          {
            "kind": "drive#file",
            "mimeType": "application/pdf",
            "id": "1dmXg7zkg292r6VrVpphheT2LI___IWiA",
            "name": "St. Annes Reel_stemmat.pdf"
          },
          {
            "kind": "drive#file",
            "mimeType": "application/pdf",
            "id": "1YpQiBWO7g2HO9us_Nz86u6Equ5x5HmhQ",
            "name": "Bluegrass-improvisointi_asteikkoja in D.pdf"
          },
          {
            "kind": "drive#file",
            "mimeType": "application/pdf",
            "id": "19ERQhtIXLq74Ut2aXiAZ-g5hWpj5jCNI",
            "name": "Ukkomiesten_sottiisi_stemmat.pdf"
          },
          {
            "kind": "drive#file",
            "mimeType": "application/pdf",
            "id": "1RBeKHNK7tzwGTWOeXEgP7ISKfiovT-TW",
            "name": "Aarnen lempimasurkka_stemmat.pdf"
          },
          {
            "kind": "drive#file",
            "mimeType": "application/pdf",
            "id": "1lpNrE_Uasg_rXH4ZjXtcwzG3I3BdeTfX",
            "name": "Polkan går.pdf"
          },
          {
            "kind": "drive#file",
            "mimeType": "application/pdf",
            "id": "15X91yNCCSLzvEOPQJwWuQ_m_wn0owZhB",
            "name": "Carolines Vals.pdf"
          },
          {
            "kind": "drive#file",
            "mimeType": "application/pdf",
            "id": "1PycQ3hJpXewex7r0pbxu3zBkaYxCgpOo",
            "name": "Svahnen_tehty.pdf"
          },
          {
            "kind": "drive#file",
            "mimeType": "application/pdf",
            "id": "1H_67mz23-0DwNEKqygvMVH2ZRoKNm1AA",
            "name": "Ukkomiesten sottiisi_tehty.pdf"
          },
          {
            "kind": "drive#file",
            "mimeType": "application/pdf",
            "id": "1wl17nkOsvDjGkmHASVCuyz9q8w7Qwtmf",
            "name": "The Strayaway Child.pdf"
          },
          {
            "kind": "drive#file",
            "mimeType": "application/pdf",
            "id": "1WinCcWqGtbMy3fYSqylhoWLzQdxjBTJv",
            "name": "Aarnen lempimasurkka_uudet soinnut.pdf"
          },
          {
            "kind": "drive#file",
            "mimeType": "application/pdf",
            "id": "19HhEkTXDE3_W_uQxHr9eC61L3KIfA7y_",
            "name": "Kesäaamun valssi_tehty.pdf"
          },
          {
            "kind": "drive#file",
            "mimeType": "application/pdf",
            "id": "1EAmRWyc-cgEiJP-QX5xDEUJ5kiNtTrbT",
            "name": "Eb-duurisottiisi_tehty.pdf"
          },
          {
            "kind": "drive#file",
            "mimeType": "application/pdf",
            "id": "1Z2vaQmikL8nO7jJmoJ47iyqYtHvJGfDU",
            "name": "Eb-duurisottiisi.pdf"
          },
          {
            "kind": "drive#file",
            "mimeType": "application/pdf",
            "id": "1p6qibnfiD9kIx3hXoKYuyEN2XR57Jsm3",
            "name": "Ukkomiesten sottiisi.pdf"
          },
          {
            "kind": "drive#file",
            "mimeType": "application/pdf",
            "id": "1VaLWHTWj77aewNe1mtP40gD9iOLwjhVv",
            "name": "Kylä vuotti uutta kuuta SSAA.pdf"
          },
          {
            "kind": "drive#file",
            "mimeType": "application/pdf",
            "id": "1ZvKRatkqfNmKjSmgI5FpWvxp-XDykG3w",
            "name": "Kiiriminna.pdf"
          },
          {
            "kind": "drive#file",
            "mimeType": "application/pdf",
            "id": "1_PtzkP79pDp64AQ7Gx5u0VAS6ngFddap",
            "name": "Roisi polkka.pdf"
          },
          {
            "kind": "drive#file",
            "mimeType": "application/pdf",
            "id": "1H7OIjj5l1Ky6ggG_WVG9gaDJFXqBjgBS",
            "name": "Rytkypolkkasikermä.pdf"
          }
        ]
      },
      {
        "kind": "drive#file",
        "mimeType": "application/vnd.google-apps.folder",
        "id": "1b9Wz3qV-m2opUb_FfBwwU6Wv1sYKdQL1",
        "name": "Kevätkurssi 2021",
        "children": [
          {
            "kind": "drive#file",
            "mimeType": "application/x-musescore",
            "id": "1xipmwARizdDEXPl_BjTDUAs5vkoNrxDN",
            "name": "Vihkipolska.mscz"
          },
          {
            "kind": "drive#file",
            "mimeType": "application/x-musescore",
            "id": "12wQbP75-Q5I5B4ObAjvIb9ckk6j0GI0i",
            "name": "Valssi Jaanalle.mscz"
          },
          {
            "kind": "drive#file",
            "mimeType": "application/x-musescore",
            "id": "1o8YnrufJSoa-swUWHpqSFUvxdm76Nsfj",
            "name": "Perämiehen sottiisi.mscz"
          },
          {
            "kind": "drive#file",
            "mimeType": "application/x-musescore",
            "id": "1MNxJ-yyk2RJUUVEGQ_CLi6cLztG4Xio2",
            "name": "Juhantalon Faarin valssi.mscz"
          },
          {
            "kind": "drive#file",
            "mimeType": "application/pdf",
            "id": "1ZQe4IroVX-u5RdWShGAfQHTLKealyx9Y",
            "name": "Vihkipolska.pdf"
          },
          {
            "kind": "drive#file",
            "mimeType": "application/pdf",
            "id": "1SsFD--SrZ4tKDNh3k4K5EOsnNUR7pxEN",
            "name": "Juhantalon faarin valssi.pdf"
          },
          {
            "kind": "drive#file",
            "mimeType": "application/pdf",
            "id": "1eTdbReaAgyYmEZynQ7hGVxuT29Q-nqF2",
            "name": "Perämiehen sottiisi.pdf"
          },
          {
            "kind": "drive#file",
            "mimeType": "application/pdf",
            "id": "1zJL4bmhh-JPtmR-W1wJxb68VggdXrMR_",
            "name": "Valssi Jaanalle.pdf"
          },
          {
            "kind": "drive#file",
            "mimeType": "application/pdf",
            "id": "1koepmRxetOZrNoktuGo4eLcX6GclNLRm",
            "name": "Bach_Bourrèe in E minor.pdf"
          }
        ]
      },
      {
        "kind": "drive#file",
        "mimeType": "application/vnd.google-apps.folder",
        "id": "1Lg59oM6TGyCjlncDjVD5LABLTNBahLCl",
        "name": "Joululaulut 2020",
        "children": [
          {
            "kind": "drive#file",
            "mimeType": "image/jpeg",
            "id": "1vKmRmCdkLXqAIYIeSlxVp9xlzgt1AoCr",
            "name": "Lasst uns froh und munter sein.jpg"
          },
          {
            "kind": "drive#file",
            "mimeType": "application/pdf",
            "id": "1Twrk8G4taMRyX3om9URFcEP5mb4nKHMa",
            "name": "Jouluyö, juhlayö.pdf"
          },
          {
            "kind": "drive#file",
            "mimeType": "application/pdf",
            "id": "1ai8QAE0caqu5TTqP367ZXo7IvyINyxKQ",
            "name": "Sydämeeni joulun teen.pdf"
          },
          {
            "kind": "drive#file",
            "mimeType": "application/pdf",
            "id": "1b1S5-pdxjzKyYOJ_kjhQU-OMZNGRr_At",
            "name": "Sylvian joululaulu.pdf"
          },
          {
            "kind": "drive#file",
            "mimeType": "application/pdf",
            "id": "1jDnUL2ox944wzzS7uMjAJr51AIl_VDLd",
            "name": "Joulu, loisteesi luo_Nordquist.pdf"
          },
          {
            "kind": "drive#file",
            "mimeType": "application/pdf",
            "id": "1BVCvxSpY4QAAxFbRkNzHBvrW7N5Z0Pon",
            "name": "Heinillä härkien_versio 1.pdf"
          },
          {
            "kind": "drive#file",
            "mimeType": "application/pdf",
            "id": "1BfERjfdLlB7X93I6QLsx2d2dZiJ_C8__",
            "name": "Mökit nukkuu lumiset_Kaski.pdf"
          },
          {
            "kind": "drive#file",
            "mimeType": "application/pdf",
            "id": "1sQJjKEA-AoTjh6KtjFbuncvbmM_WQsw6",
            "name": "Kello löi jo viisi.pdf"
          },
          {
            "kind": "drive#file",
            "mimeType": "application/pdf",
            "id": "1SjSTSOc7SNRZVI0T80UWJT6gmvbuI7YF",
            "name": "Joulumasurkkasikermä.pdf"
          },
          {
            "kind": "drive#file",
            "mimeType": "application/pdf",
            "id": "1Tx9EyEPg_H9TMwFPAwdoF06mJsVEaXZc",
            "name": "Kilisee, kilisee kulkunen.pdf"
          },
          {
            "kind": "drive#file",
            "mimeType": "application/pdf",
            "id": "1M4lMhzH0eSmiDxcihtpplnzIjiMYk9xK",
            "name": "Taivas sylissäni.pdf"
          },
          {
            "kind": "drive#file",
            "mimeType": "application/pdf",
            "id": "1mwX8vh_ZtwRHI2SSLBkuiG8FuOS54A0G",
            "name": "Happy Christmas War Is Over_SSA.pdf"
          },
          {
            "kind": "drive#file",
            "mimeType": "application/pdf",
            "id": "1XR_JQa4YRpdg41IH3bd07JUkq2l7TMhU",
            "name": "Tule, joulu kultainen.pdf"
          },
          {
            "kind": "drive#file",
            "mimeType": "application/pdf",
            "id": "1HPuNu4npOYn2O5qlnIsjdh_0GuKCoXrc",
            "name": "Varpunen jouluaamuna.pdf"
          },
          {
            "kind": "drive#file",
            "mimeType": "application/pdf",
            "id": "1GwThzF0L_cw-SEKcZ3APc6vBdrAR9v8b",
            "name": "En etsi valtaa, loistoa.pdf"
          },
          {
            "kind": "drive#file",
            "mimeType": "application/pdf",
            "id": "1jLCnn-qVoNBDMbhXV35zCNHKWO5VfBI5",
            "name": "Kuuraparta.pdf"
          },
          {
            "kind": "drive#file",
            "mimeType": "application/pdf",
            "id": "1fOXVrqu0aBV6zy-L-KwOuZWYIU0Tq8MD",
            "name": "Talven ihmemaa.pdf"
          },
          {
            "kind": "drive#file",
            "mimeType": "application/pdf",
            "id": "1T0d9isIEKYuWRred7i_3x4dBZlwZCRW2",
            "name": "Kellot kumajaa_altto g.pdf"
          },
          {
            "kind": "drive#file",
            "mimeType": "application/pdf",
            "id": "1hCFrmeEEbuSyUbTTGxFdeXCwQCHGgu3E",
            "name": "Joululaulu_Konsta Jylhä.pdf"
          },
          {
            "kind": "drive#file",
            "mimeType": "application/pdf",
            "id": "1bIPC4BJ-GrtwDer41_bRa0QhZHp8g29h",
            "name": "Tuo armon valkokyyhky.pdf"
          },
          {
            "kind": "drive#file",
            "mimeType": "application/pdf",
            "id": "1MFDELGfwQKFg9Lby50ZpBih8oUipi5Nw",
            "name": "Kuului laulu enkelten.pdf"
          },
          {
            "kind": "drive#file",
            "mimeType": "application/pdf",
            "id": "14bFNfNuYg8-QJ1nlTEgqiJpSIk9k3lYs",
            "name": "Tonttu.pdf"
          }
        ]
      }
    ]
  },
  {
    "kind": "drive#file",
    "mimeType": "application/vnd.google-apps.folder",
    "id": "13em4Ws5GO34U2nmki5jm6vlxXrWD61nR",
    "name": "2021-2022",
    "children": [
      {
        "kind": "drive#file",
        "mimeType": "application/vnd.google-apps.folder",
        "id": "18wnmwprr1nkN5g14PyTlDsf2WUB5IJr5",
        "name": "Kevät 2022",
        "children": [
          {
            "kind": "drive#file",
            "mimeType": "application/pdf",
            "id": "1U4SmQ0p4CC6jXUglx8YIwHAbf8hzlhoK",
            "name": "Hultiahon sottiisi.pdf"
          },
          {
            "kind": "drive#file",
            "mimeType": "application/x-musescore",
            "id": "1l_XI9MBeUVVEupf2qUC-S9pgiabXL-49",
            "name": "Oi,_u_vyshnevomu_sadu___Oh,_in_the_Cherry_Orchard.mscz"
          },
          {
            "kind": "drive#file",
            "mimeType": "application/pdf",
            "id": "1MkDi0SRtA0rra4qFTW87ujogyc0l7ccV",
            "name": "Lapp-Nils favoritpolska.pdf"
          },
          {
            "kind": "drive#file",
            "mimeType": "application/pdf",
            "id": "15YXx17Jejggul2tyQA5iODJX5y-nxysE",
            "name": "Vetan masurkka_stemmat.pdf"
          },
          {
            "kind": "drive#file",
            "mimeType": "application/pdf",
            "id": "16Pj8fh1F88OT1E-fcLTPD0_gO-MwdJY3",
            "name": "Beaumont Rag.pdf"
          },
          {
            "kind": "drive#file",
            "mimeType": "application/pdf",
            "id": "1GYulfppntye7rh9CS6FvebuOK2CBqvEt",
            "name": "Kapten Lindholm.pdf"
          },
          {
            "kind": "drive#file",
            "mimeType": "application/pdf",
            "id": "1cLYyMOFjH7zq-hF6Loc8RAblILrAS7PK",
            "name": "Vetan masurkka.pdf"
          },
          {
            "kind": "drive#file",
            "mimeType": "application/vnd.google-apps.folder",
            "id": "1jyEoegGmLXALIUt8HPZfsDS57Q6vd1Bm",
            "name": "MuseScoret harjoittelun avuksi",
            "children": [
              {
                "kind": "drive#file",
                "mimeType": "application/x-musescore",
                "id": "1_jGbmFVWEu3ordZLVzZ9JnfzX_TsYZEh",
                "name": "Vetan masurkka_Harmonikka_stemma.mscz"
              },
              {
                "kind": "drive#file",
                "mimeType": "application/x-musescore",
                "id": "1gpE8khRmBy4wJ6rqRZpgldk4ZN9amGtj",
                "name": "Lapp-Nils favoritpolska.mscz"
              },
              {
                "kind": "drive#file",
                "mimeType": "application/x-musescore",
                "id": "1sSOojh1lppu5usekZyQjRFlf3p9pt6jn",
                "name": "Josefins dopvals.mscz"
              },
              {
                "kind": "drive#file",
                "mimeType": "application/x-musescore",
                "id": "1sZK3Xvq7h92uBagMCuwxu-jFsSbDWIKx",
                "name": "Vauhdin_hurmaa_alkuperäinen.mscz"
              },
              {
                "kind": "drive#file",
                "mimeType": "application/x-musescore",
                "id": "1bX_Kybk3L0w5vSS2TP5vLDi1_sAbMdyY",
                "name": "Vauhdin_hurmaa_helppo_kakkosaani.mscz"
              }
            ]
          },
          {
            "kind": "drive#file",
            "mimeType": "application/pdf",
            "id": "1au6VI-0Wn4j4rDU0u3PRF-thqVcfjC2K",
            "name": "Josefins dopvals.pdf"
          },
          {
            "kind": "drive#file",
            "mimeType": "application/pdf",
            "id": "1n9ba3WozynRiETOsWE9hy9x_RVWSrIYF",
            "name": "Vauhdin hurmaa_alkuperäinen.pdf"
          },
          {
            "kind": "drive#file",
            "mimeType": "application/pdf",
            "id": "1Kh4_Firu5FRBJvviQVhJmgE6i3xBynAF",
            "name": "Vauhdin_hurmaa_helppo_kakkosaani.pdf"
          },
          {
            "kind": "drive#file",
            "mimeType": "application/pdf",
            "id": "1U9qLV5BCGyoZ61sCePDrIeaW-uRGGULl",
            "name": "Gammal Ljungqvistarvals.pdf"
          },
          {
            "kind": "drive#file",
            "mimeType": "application/pdf",
            "id": "1i9woG_mVL5l6P5CbLGqZ8FbUiu10DT7A",
            "name": "Roisi polkka.pdf"
          },
          {
            "kind": "drive#file",
            "mimeType": "application/pdf",
            "id": "1dz_GdQVdl-_G644F0EcbaW6xYIe6Wki3",
            "name": "Rytkypolkkasikermä.pdf"
          }
        ]
      },
      {
        "kind": "drive#file",
        "mimeType": "application/vnd.google-apps.folder",
        "id": "1hne4GoidzZe17ZxcBD8X2X7BTqs9lwE4",
        "name": "Syksy 2021",
        "children": [
          {
            "kind": "drive#file",
            "mimeType": "application/pdf",
            "id": "1ee_bu_JWAaK3o8OibaEAOsp6tusvHQXy",
            "name": "Sherele.pdf"
          },
          {
            "kind": "drive#file",
            "mimeType": "application/pdf",
            "id": "1fOP_Uu3zB2jK4ILTWZV86FM_v1ZWpgen",
            "name": "Sherele Mazel Tov.pdf"
          },
          {
            "kind": "drive#file",
            "mimeType": "application/pdf",
            "id": "1uvsAnr9ZgS9rPtWxg_TMShG48o9g1EOF",
            "name": "Ahjolan Pelimannien sottiisit.pdf"
          },
          {
            "kind": "drive#file",
            "mimeType": "application/x-musescore",
            "id": "1Z665YQrC4BrSonhC2YrQySnsoaiIpWqS",
            "name": "Valoo_SSA_orkesteri.mscz"
          },
          {
            "kind": "drive#file",
            "mimeType": "application/pdf",
            "id": "17xq_sr382tV37R6tfDjUWoona1dQMV8V",
            "name": "Auchindrain_1.pdf"
          },
          {
            "kind": "drive#file",
            "mimeType": "application/pdf",
            "id": "1U__BF-e8Klzy5elrW3DflpTRGAj6NcoI",
            "name": "Polska 839 uusi versio_stemmat.pdf"
          },
          {
            "kind": "drive#file",
            "mimeType": "application/pdf",
            "id": "1uwLNuOEi9sp4NQwYtWy5kbmGNdi7ZohH",
            "name": "Ack Värmeland du sköna.pdf"
          },
          {
            "kind": "drive#file",
            "mimeType": "application/pdf",
            "id": "1n-0pdeerwTag9jngrvkZsEyW_Wf9j-f6",
            "name": "Retu-Matin polkka.pdf"
          },
          {
            "kind": "drive#file",
            "mimeType": "application/pdf",
            "id": "13wyTBvBPAVbDUsPYLpGtdmiu00iwIBOE",
            "name": "Kotiharjun päällä_stemmat 1-3.pdf"
          },
          {
            "kind": "drive#file",
            "mimeType": "application/pdf",
            "id": "13XXGlBBSvvcv30f1wiHvIzBnY0F06cnJ",
            "name": "Neil Gow's Wife_stemma.pdf"
          },
          {
            "kind": "drive#file",
            "mimeType": "application/pdf",
            "id": "1h2366Zt-hG-ZsF8VVppNnkUzv30pbcLu",
            "name": "Neil Gow's Wife.pdf"
          },
          {
            "kind": "drive#file",
            "mimeType": "application/pdf",
            "id": "1GQZ9VMmD30gEm-kHMWRXfXo68aoilJf5",
            "name": "Polska 839_sovitus.pdf"
          },
          {
            "kind": "drive#file",
            "mimeType": "application/pdf",
            "id": "15uXyxOd-vdRwTuoCOqbKTJLoZAnJJkj3",
            "name": "Kotiharjun päällä (alkuperäinen).pdf"
          },
          {
            "kind": "drive#file",
            "mimeType": "application/pdf",
            "id": "1ndWUPBT_iHpnRoZ8FsEbtI3EvzriUJin",
            "name": "Kotiharjun päällä_American Patrol.pdf"
          },
          {
            "kind": "drive#file",
            "mimeType": "application/pdf",
            "id": "1PpF8de_ck0gw0ot3HmvFXtAuNDHPIfo1",
            "name": "Timo Valo_Valssi Taideiden yössä.pdf"
          },
          {
            "kind": "drive#file",
            "mimeType": "application/pdf",
            "id": "1IPrEPqShdAN9REHMx0Aqhn6AVu_T0SiK",
            "name": "Mökit nukkuu lumiset_Kaski.pdf"
          },
          {
            "kind": "drive#file",
            "mimeType": "application/pdf",
            "id": "1UPkB6LEG1TfeEi6c6IBZFq041I2mfhG4",
            "name": "Joulumasurkkasikermä.pdf"
          },
          {
            "kind": "drive#file",
            "mimeType": "application/pdf",
            "id": "13k556GhyQ8vR-6KJd1iKfHDHrrwvGdAW",
            "name": "Taivas sylissäni.pdf"
          }
        ]
      }
    ]
  },
  {
    "kind": "drive#file",
    "mimeType": "application/vnd.google-apps.folder",
    "id": "19BeDPN8egFJLwNsExddT-IkvamLZEH81",
    "name": "Sähköpostin liitteet",
    "children": []
  },
  {
    "kind": "drive#file",
    "mimeType": "application/vnd.google-apps.folder",
    "id": "15O2fBMqq9P03Gnz1lbgNECEEKDzXBNKv",
    "name": "Heikin tekemät MuseScore-nuotit",
    "children": [
      {
        "kind": "drive#file",
        "mimeType": "application/x-musescore",
        "id": "1-20ZAHAPHxzHRi9fGPlhASYscOrwKw3s",
        "name": "Tyyskipolkka_stemma.mscz"
      },
      {
        "kind": "drive#file",
        "mimeType": "application/x-musescore",
        "id": "1Bqec_UoUeKxSLUbNtmjE7pJunUSMv3KY",
        "name": "Lato-Matin jenkka.mscz"
      },
      {
        "kind": "drive#file",
        "mimeType": "application/x-musescore",
        "id": "1WYEb0X4cceq6L-hJ62D4hsiUCjamQQPs",
        "name": "Uljas Polska.mscz"
      },
      {
        "kind": "drive#file",
        "mimeType": "application/x-musescore",
        "id": "11djxoAqurmYjAzpoLY1lgUT0omuagTr5",
        "name": "Vanha merimiesvalssi.mscz"
      },
      {
        "kind": "drive#file",
        "mimeType": "application/x-musescore",
        "id": "1SBilIf6hCgoCX3TK7ESc9pSvhaRFsRLI",
        "name": "Thores schottis.mscz"
      },
      {
        "kind": "drive#file",
        "mimeType": "application/x-musescore",
        "id": "14NsQYP4KCdZOrSLinV-xKH4rO-zSxjY2",
        "name": "Systerpolska.mscz"
      },
      {
        "kind": "drive#file",
        "mimeType": "application/x-musescore",
        "id": "1xQrvPA0wnRfOTWCjvY6RnUuHwvnps4k5",
        "name": "Metsakukkia.mscz"
      },
      {
        "kind": "drive#file",
        "mimeType": "application/x-musescore",
        "id": "1fXEiC5gBxJvOHqEdrkZDIc-B7HA1aI6Q",
        "name": "Kangasala-polkka.mscz"
      },
      {
        "kind": "drive#file",
        "mimeType": "application/x-musescore",
        "id": "1Lzo1_CqFs3d2dXDt6tYFq75JO-x508WA",
        "name": "Suvitunnelma.mscz"
      },
      {
        "kind": "drive#file",
        "mimeType": "application/x-musescore",
        "id": "1PZ2GBSzoyHIXivaAsTYNK87gpc2E_Iaf",
        "name": "Siehtarlainen.mscz"
      },
      {
        "kind": "drive#file",
        "mimeType": "application/x-musescore",
        "id": "1phEKMhs7k2As6Ildb92UZ-pOrXV1gIXI",
        "name": "Haikan masurkka.mscz"
      },
      {
        "kind": "drive#file",
        "mimeType": "application/x-musescore",
        "id": "1Q8Of_MeRAe7FGQLpjptQmNpS92aHYg9w",
        "name": "Jenkka Jokioisilta.mscz"
      },
      {
        "kind": "drive#file",
        "mimeType": "application/x-musescore",
        "id": "1hQh5UBCSKZk_T9K5tsKi_DZ7ot6CXHAd",
        "name": "Hallbergspolskan från Boda.mscz"
      },
      {
        "kind": "drive#file",
        "mimeType": "application/x-musescore",
        "id": "1lvoftpuKX_CHqx14NvUZbnwRvhTlBlTk",
        "name": "Angeläis Nr 14.mscz"
      },
      {
        "kind": "drive#file",
        "mimeType": "application/x-musescore",
        "id": "1XvQaDWBSl6-57WpwU4F8WXoqVuI27Qtx",
        "name": "Engelska_från_Slaep.mscz"
      },
      {
        "kind": "drive#file",
        "mimeType": "application/x-musescore",
        "id": "10Ra8sVX3uv-gR8oQdgV66qLW4_kvIBWr",
        "name": "Vals efter Jons Persson.mscz"
      },
      {
        "kind": "drive#file",
        "mimeType": "application/x-musescore",
        "id": "1CgcototU0rnirGCDOzJh08EkYnxVqSs5",
        "name": "Snigelschottis.mscz"
      },
      {
        "kind": "drive#file",
        "mimeType": "application/x-musescore",
        "id": "1M1CCRZcPyabW8qXqF6A6ZXMVSyvMSg8R",
        "name": "Skepparschottis.mscz"
      },
      {
        "kind": "drive#file",
        "mimeType": "application/x-musescore",
        "id": "1bWCkde58bvrHmnpGniwzzBmUpNSyZoQY",
        "name": "Skepparschottis_av_Thore_Harderlin.mscz"
      },
      {
        "kind": "drive#file",
        "mimeType": "application/x-musescore",
        "id": "1b1EMNdBtFlcHRX09odqFGKNcdal4Ac9m",
        "name": "Saippuanenain_sottiisi.mscz"
      },
      {
        "kind": "drive#file",
        "mimeType": "application/x-musescore",
        "id": "192fIJhvRy58lT95upLZHSg-SiyN5ETGD",
        "name": "Ketolan Huugon sottiisi.mscz"
      },
      {
        "kind": "drive#file",
        "mimeType": "application/x-musescore",
        "id": "1lxmSYyQhoMDQmSNuAaJmwkbaJ2l8vlkE",
        "name": "Blomgvistarnas_mazurka.mscz"
      }
    ]
  },
  {
    "kind": "drive#file",
    "mimeType": "application/vnd.google-apps.folder",
    "id": "1LZEpA89zTN70spT366fExwQndgDw4oDU",
    "name": "Klarinettinuotit",
    "children": [
      {
        "kind": "drive#file",
        "mimeType": "application/pdf",
        "id": "1nIKDSGfkuf15Lmd_Za0IZrVeYKvf3ij1",
        "name": "Muuttohaukka in G.pdf"
      },
      {
        "kind": "drive#file",
        "mimeType": "application/pdf",
        "id": "1WUA_Tl6q4NPsr6gyXCsB20ZxNQI4GiWN",
        "name": "The Bahnshee in A.pdf"
      },
      {
        "kind": "drive#file",
        "mimeType": "application/pdf",
        "id": "1kkGMI3vFy4Lgzt9VQWqgUbzr8qvVM61a",
        "name": "The Star Of Munster in Hm.pdf"
      },
      {
        "kind": "drive#file",
        "mimeType": "application/pdf",
        "id": "15rJR-AjGJg09UJEFkirw59XkxhtEkt8w",
        "name": "The Black Pig in Hm.pdf"
      },
      {
        "kind": "drive#file",
        "mimeType": "application/pdf",
        "id": "1ppj_jdQBt8gBbcNGlbT07NdfASyIXfCw",
        "name": "Hermannin mollipolkka in Am.pdf"
      },
      {
        "kind": "drive#file",
        "mimeType": "application/pdf",
        "id": "13DWfMcCNCZfh6kYY9iZViVe9jtakjjfi",
        "name": "Kauan odotettu in F#m.pdf"
      },
      {
        "kind": "drive#file",
        "mimeType": "application/pdf",
        "id": "1OK9xvDxg50K9CDX3EsGkgmGZ3l7y4KkV",
        "name": "Anttilan keväthuumaus in A.pdf"
      },
      {
        "kind": "drive#file",
        "mimeType": "application/pdf",
        "id": "1QsdO-Drf9hg_P2wmRRpNzhcHWm3hDtpL",
        "name": "Vals efter Jöns Persson in F#m.pdf"
      },
      {
        "kind": "drive#file",
        "mimeType": "application/pdf",
        "id": "1aDGzh1frpeiKkVa4vI7kZSTLFjzlicSL",
        "name": "Snigelschottis in F#m.pdf"
      },
      {
        "kind": "drive#file",
        "mimeType": "application/pdf",
        "id": "1FWhvfELOS2uUWL3VrrDcOsvH8HlmUHzY",
        "name": "F-duuripolska in G.pdf"
      },
      {
        "kind": "drive#file",
        "mimeType": "application/pdf",
        "id": "1oQl4ZQMzJlzSXdNZ5hSlc_rXYWnbURNa",
        "name": "Kellarin kautta in C.pdf"
      },
      {
        "kind": "drive#file",
        "mimeType": "application/pdf",
        "id": "1MUvbpE_9UAeCzorGSQYYPJhFA_15j6yM",
        "name": "Groenne Ål in D.pdf"
      },
      {
        "kind": "drive#file",
        "mimeType": "application/pdf",
        "id": "1Kt5iki-bjs746qLGuohTvdbyQo4_zc06",
        "name": "Kylä vuotti uutta kuuta in A.pdf"
      },
      {
        "kind": "drive#file",
        "mimeType": "application/pdf",
        "id": "1h7Uc9alHVphy9eMiEgIvwDhDHT8CldT2",
        "name": "Kiiriminna in Hm.pdf"
      },
      {
        "kind": "drive#file",
        "mimeType": "application/pdf",
        "id": "1FesAqkTSpCcaNVgMntL0bPwVD9S9ez4l",
        "name": "Himlens polska in Am.pdf"
      },
      {
        "kind": "drive#file",
        "mimeType": "application/pdf",
        "id": "1OdS9cMTQNqNYYS2AgvB3UNSOC7ErTx9R",
        "name": "High Peak Trail in A.pdf"
      },
      {
        "kind": "drive#file",
        "mimeType": "application/pdf",
        "id": "1jfOxSaoVdjo0ZHTMCQ-TGa-XIKnABSbx",
        "name": "Peaks Old Time in A.pdf"
      },
      {
        "kind": "drive#file",
        "mimeType": "application/pdf",
        "id": "1KYCyKKFn3twT9Ly3BcM2n_02e9PJwjDK",
        "name": "Peltoniemen Hintrikin surumarssi in Am.pdf"
      },
      {
        "kind": "drive#file",
        "mimeType": "application/pdf",
        "id": "1r1ZDY-SwcszPmL13lhMDe3Ql2MJUwFqc",
        "name": "Härjedalingen in D.pdf"
      },
      {
        "kind": "drive#file",
        "mimeType": "application/pdf",
        "id": "1GVFsdlikX-FdjKTVwi4PFIG0gz61W0iJ",
        "name": "Steffaleken in D.pdf"
      },
      {
        "kind": "drive#file",
        "mimeType": "application/pdf",
        "id": "1V47lNbBJr5nYw7KVxJUHEdLxz-tE2_Kk",
        "name": "Ängen var grön och flickan var skön in e.pdf"
      },
      {
        "kind": "drive#file",
        "mimeType": "application/pdf",
        "id": "1tEuJn6oLp_UrVXTxrMzc1Gr6QQso-RlZ",
        "name": "Böl-Olles schottis.pdf"
      },
      {
        "kind": "drive#file",
        "mimeType": "application/pdf",
        "id": "1o7RMfoniPoNmh2iuokJkSh0E_kCx_1eG",
        "name": "Äärelä in Hm.pdf"
      },
      {
        "kind": "drive#file",
        "mimeType": "application/pdf",
        "id": "1zQPln2yT-2f4TrDEPGH3jXG_Mf7YSkGZ",
        "name": "Whiskey Before Breakfast in E.pdf"
      },
      {
        "kind": "drive#file",
        "mimeType": "application/pdf",
        "id": "1pdBNn9f-kRprXSFQTF9rrSr7QaW6iyJI",
        "name": "St. Annes Reel in E_stemmat.pdf"
      },
      {
        "kind": "drive#file",
        "mimeType": "application/pdf",
        "id": "1X5Flm-tFo4jVHu8u4p49CkqeEqqxzaiW",
        "name": "Bluegrass-improvisointi_asteikkoja in E.pdf"
      },
      {
        "kind": "drive#file",
        "mimeType": "application/pdf",
        "id": "1XRpmvpzgCHYN-lpEdOQTdkArD3MFYvFP",
        "name": "Pachelbelin Kaanon in E.pdf"
      },
      {
        "kind": "drive#file",
        "mimeType": "application/pdf",
        "id": "1xaeJhkUWaAlBL8G5q2d2fbtcpmrhEnM3",
        "name": "Ukkomiesten sotiisi in E-A_stemmat.pdf"
      },
      {
        "kind": "drive#file",
        "mimeType": "application/pdf",
        "id": "13ER6v-CONvL95h55Cm0HnCH22G9RZsaw",
        "name": "Aarnen lempimasurkka in A stemmat.pdf"
      },
      {
        "kind": "drive#file",
        "mimeType": "application/pdf",
        "id": "17IJqI_Gua6Zc9qPKDNoz8IkbsF8Q-vvW",
        "name": "Polkan går in D.pdf"
      },
      {
        "kind": "drive#file",
        "mimeType": "application/pdf",
        "id": "1TUnp4FJpvCjadzaCtG_9XJiQDWrQmd3l",
        "name": "Aarnen lempimasurkka in A.pdf"
      },
      {
        "kind": "drive#file",
        "mimeType": "application/pdf",
        "id": "1rceksnY70jSdy7HUlqJwPRq10w5ciHtJ",
        "name": "The Strayaway Child in f#.pdf"
      },
      {
        "kind": "drive#file",
        "mimeType": "application/pdf",
        "id": "1z4bCe9fBcJU67RvN0QhLjpto6UgNDM5l",
        "name": "Eb-duurisotiisi in F.pdf"
      },
      {
        "kind": "drive#file",
        "mimeType": "application/pdf",
        "id": "1JckscMKhBhvVjQ1VvhreUlDZ8cCKMVY_",
        "name": "Kesäaamun valssi in E.pdf"
      },
      {
        "kind": "drive#file",
        "mimeType": "application/pdf",
        "id": "1OxeNuNmmgfloyHoSPoBNwhg-RUFNdgl7",
        "name": "Ukkomiesten sotiisi in E-A.pdf"
      }
    ]
  }
]
