[
  {
    "songname": "Kukko-Mikon polkka",
    "url": "https://docs.google.com/document/d/1EuNSzSBDvAPqDfsfJSsP-EcJqMfMqA9WcFkZJMBwgoM/edit?usp=drivesdk",
    "path": "/2022-2023/Kevät 2023/Kevätsoiton yhteiskappaleet 16.4./"
  },
  {
    "songname": "Längelmäki-jenkka.pdf",
    "url": "https://drive.google.com/file/d/10ekT7f77w_5UdCyiKCSe0UWkOYwm_IZI/view?usp=drivesdk",
    "path": "/2022-2023/Kevät 2023/Kevätsoiton yhteiskappaleet 16.4./"
  },
  {
    "songname": "Kukko-Mikon polkka.pdf",
    "url": "https://drive.google.com/file/d/1WrxjnBVMa_vpf9NS8YPAagp2essH2hTu/view?usp=drivesdk",
    "path": "/2022-2023/Kevät 2023/Kevätsoiton yhteiskappaleet 16.4./"
  },
  {
    "songname": "Orihvesi schottishe.pdf",
    "url": "https://drive.google.com/file/d/169kPvme0HH8JLvNTq-RMCs_yIC8fTfWe/view?usp=drivesdk",
    "path": "/2022-2023/Kevät 2023/Kevätsoiton yhteiskappaleet 16.4./"
  },
  {
    "songname": "Pellavatukka.pdf",
    "url": "https://drive.google.com/file/d/19CmtlEeNHHSSIbVk8PVmaVauQ6rKuhR5/view?usp=drivesdk",
    "path": "/2022-2023/Kevät 2023/Kevätsoiton yhteiskappaleet 16.4./"
  },
  {
    "songname": "Ystävyys-valssi.pdf",
    "url": "https://drive.google.com/file/d/1ZI4pcG04Yguv9lRD2TUGoo00SF3cR34Y/view?usp=drivesdk",
    "path": "/2022-2023/Kevät 2023/Kevätsoiton yhteiskappaleet 16.4./"
  },

  {
    "songname": "Gandzja_Kaminets.pdf",
    "url": "https://drive.google.com/file/d/1r0uSl8U0mQ9u912MzFqaosAi8bl8PACD/view?usp=drivesdk",
    "path": "/2022-2023/Kevät 2023/"
  },
  {
    "songname": "Minun kultani kaunis on.pdf",
    "url": "https://drive.google.com/file/d/1fwGK7ez8hgxc9I9gvad_UDsQO_5KvsWP/view?usp=drivesdk",
    "path": "/2022-2023/Kevät 2023/"
  },
  {
    "songname": "Polska Lohjalta.pdf",
    "url": "https://drive.google.com/file/d/1Jexbr1_CQdB72zvB2WrWJlqEts5BhPBe/view?usp=drivesdk",
    "path": "/2022-2023/Kevät 2023/"
  },
  {
    "songname": "Masurkka 3. & 4. Vetelistä.pdf",
    "url": "https://drive.google.com/file/d/1v-3bJsde6IXrqAuTm2y70afwkFsBTQ4O/view?usp=drivesdk",
    "path": "/2022-2023/Kevät 2023/"
  },
  {
    "songname": "Afar_in D.mscz",
    "url": "https://drive.google.com/file/d/13RzAODi2BY94QxiYiO-J0o01WOvyUnjb/view?usp=drivesdk",
    "path": "/2022-2023/Kevät 2023/"
  },
  {
    "songname": "Afar_in D.pdf",
    "url": "https://drive.google.com/file/d/1YQecXtpsei-ZIj1jeysUK1QKv3MCeK4s/view?usp=drivesdk",
    "path": "/2022-2023/Kevät 2023/"
  },
  {
    "songname": "Midnight On The Water.pdf",
    "url": "https://drive.google.com/file/d/1gf3aRzP8ytbxiiAdgeayhGTsxIVOFO4I/view?usp=drivesdk",
    "path": "/2022-2023/Kevät 2023/"
  },
  {
    "songname": "Ashokan Farewell.pdf",
    "url": "https://drive.google.com/file/d/1ru03jNUG--ibfmVgMmQHr15izRjwa4Bs/view?usp=drivesdk",
    "path": "/2022-2023/Kevät 2023/"
  },
  {
    "songname": "Ashokan Farewell.mscz",
    "url": "https://drive.google.com/file/d/1ONtl8en-G4ua_GtRG7CfI7GbqbGprUlR/view?usp=drivesdk",
    "path": "/2022-2023/Kevät 2023/"
  },
  {
    "songname": "Hyppytahti_2 versiota.pdf",
    "url": "https://drive.google.com/file/d/1GFudSRfWPgKeW0ebw7SRH4qjlAbj9V7g/view?usp=drivesdk",
    "path": "/2022-2023/Kevät 2023/"
  },
  {
    "songname": "Bussen.pdf",
    "url": "https://drive.google.com/file/d/18qWmDWCyKfqSSsfqHhHjcmnGv9BvOumF/view?usp=drivesdk",
    "path": "/2022-2023/Kevät 2023/"
  },
  {
    "songname": "Kukko-Mikon polkka.pdf",
    "url": "https://drive.google.com/file/d/18Ce7h9Vn--40BIcRnImD_o6cZI9ASpI3/view?usp=drivesdk",
    "path": "/2022-2023/Kevät 2023/"
  },
  {
    "songname": "The Sally Gardens.pdf",
    "url": "https://drive.google.com/file/d/1Oe6aluXdzAiOMv7MbNdi4brSPHnY4APz/view?usp=drivesdk",
    "path": "/2022-2023/Kevät 2023/"
  },
  {
    "songname": "The Harvest Home_D.pdf",
    "url": "https://drive.google.com/file/d/1nKztrlNQCfMg1yusGQ9p0b6PcjH1Wy9V/view?usp=drivesdk",
    "path": "/2022-2023/Kevät 2023/"
  },
  {
    "songname": "The Boys of Bluehill_Hornpipe.pdf",
    "url": "https://drive.google.com/file/d/1m2xj-xSUOoSfyM7yF6UjlJr3bKsaCYxy/view?usp=drivesdk",
    "path": "/2022-2023/Kevät 2023/"
  },
  {
    "songname": "Ukaan sottiisi.mscz",
    "url": "https://drive.google.com/file/d/1s4QHc6j88Sim2AL1TMqCZZRvMz8TvNGa/view?usp=drivesdk",
    "path": "/2022-2023/Kevät 2023/"
  },
  {
    "songname": "Ukaan sottiisi.pdf",
    "url": "https://drive.google.com/file/d/10E7gLeclE-_sZMHQWL-39E-VU7sg0TA7/view?usp=drivesdk",
    "path": "/2022-2023/Kevät 2023/"
  },
  {
    "songname": "Hermannin mollipolkka Gm.pdf",
    "url": "https://drive.google.com/file/d/1JZDVy6ddUHM1mQa9e7gYqXgFowAqCjk9/view?usp=drivesdk",
    "path": "/2022-2023/Kevät 2023/"
  },
  {
    "songname": "Kauan odotettu_stemmat.pdf",
    "url": "https://drive.google.com/file/d/17o_htgQA37gO4Su_mGvpt_KM8sg2gMtw/view?usp=drivesdk",
    "path": "/2022-2023/Kevät 2023/"
  },

  {
    "songname": "Walking In The Air_stemmat.pdf",
    "url": "https://drive.google.com/file/d/1jZUh2fuIjq0OmvJ7G54R6EL1xqeWMcpg/view?usp=drivesdk",
    "path": "/2022-2023/Syksy 2022/"
  },
  {
    "songname": "Afar_in D.pdf",
    "url": "https://drive.google.com/file/d/1LaLP6GXuxEYqwdEmcbVAwvjxczqaIsYJ/view?usp=drivesdk",
    "path": "/2022-2023/Syksy 2022/"
  },
  {
    "songname": "Afar_in D.mscz",
    "url": "https://drive.google.com/file/d/1_gdtIsBk7hFprFGt0683D66NTmUoyo7P/view?usp=drivesdk",
    "path": "/2022-2023/Syksy 2022/"
  },
  {
    "songname": "Bryllupshopsa.pdf",
    "url": "https://drive.google.com/file/d/1-o1kSAlavlswlfVjba6nv2vVlK8SUinL/view?usp=drivesdk",
    "path": "/2022-2023/Syksy 2022/"
  },
  {
    "songname": "Tyyskipolkka_stemma.mscz",
    "url": "https://drive.google.com/file/d/1-B9g3kXANs_3btpf1nJbGBW6V85pWNXp/view?usp=drivesdk",
    "path": "/2022-2023/Syksy 2022/"
  },
  {
    "songname": "Tyyskipolkka_stemmat.pdf",
    "url": "https://drive.google.com/file/d/1o4xkEpX7kMfRK7PI9LJTAtA-8lQhCzu5/view?usp=drivesdk",
    "path": "/2022-2023/Syksy 2022/"
  },
  {
    "songname": "Hymne A L'amour.pdf",
    "url": "https://drive.google.com/file/d/1n2KSy3O5QtK-SwLg2nJ-fGkSLhRI-6Np/view?usp=drivesdk",
    "path": "/2022-2023/Syksy 2022/"
  },
  {
    "songname": "Tanelin valssi - Pynttärin Taunon valssi.pdf",
    "url": "https://drive.google.com/file/d/1FKAAQzD9k8q2ZesYF-pkv8mpbnoqu8ts/view?usp=drivesdk",
    "path": "/2022-2023/Syksy 2022/"
  },
  {
    "songname": "Moodi ilolle_duurin moodit C ja G.pdf",
    "url": "https://drive.google.com/file/d/1gXTL9VKyuguQdclFnrJ2PI_U_ciBTdUs/view?usp=drivesdk",
    "path": "/2022-2023/Syksy 2022/"
  },
  {
    "songname": "FJIG.pdf",
    "url": "https://drive.google.com/file/d/1md99-3mG5ABWowyDuZ2eaHfBgky01vS0/view?usp=drivesdk",
    "path": "/2022-2023/Syksy 2022/"
  },
  {
    "songname": "Länneltä tuulee_boogie woogie.pdf",
    "url": "https://drive.google.com/file/d/1sROJTwiDUR0tO0Qd6umcqCW0GILqE1S0/view?usp=drivesdk",
    "path": "/2022-2023/Syksy 2022/"
  },
  {
    "songname": "Muskrat Ramble.pdf",
    "url": "https://drive.google.com/file/d/1EFDljv9QLKLAwWjPbrazQWkKrO3vABMh/view?usp=drivesdk",
    "path": "/2022-2023/Syksy 2022/"
  },
  {
    "songname": "Lato-Matin jenkka.pdf",
    "url": "https://drive.google.com/file/d/1hpLmP6y8ziYMhBJPycql5TXYpQoZYM6x/view?usp=drivesdk",
    "path": "/2022-2023/Syksy 2022/"
  },
  {
    "songname": "Lato-Matin jenkka.mscz",
    "url": "https://drive.google.com/file/d/1vmb-rtYt1yIAgzaU85wMydD2BuHKzes_/view?usp=drivesdk",
    "path": "/2022-2023/Syksy 2022/"
  },
  {
    "songname": "159 Lyckönskamarsch.pdf",
    "url": "https://drive.google.com/file/d/11JGo67pZNfvHfuVcrg3axKX9jwqscjgX/view?usp=drivesdk",
    "path": "/2022-2023/Syksy 2022/"
  },
  {
    "songname": "131b Brudmarsch från Hitis.pdf",
    "url": "https://drive.google.com/file/d/1NbhZ7O41ETOvTuV1e8BMMNErF20zgNmZ/view?usp=drivesdk",
    "path": "/2022-2023/Syksy 2022/"
  },
  {
    "songname": "Kolomijka.pdf",
    "url": "https://drive.google.com/file/d/1KPWdttHHQ275mfjS__qeCurVVN767s2q/view?usp=drivesdk",
    "path": "/2022-2023/Syksy 2022/"
  },
  {
    "songname": "Auchindrain_uusi.pdf",
    "url": "https://drive.google.com/file/d/1gq1uUiNcJMtcW-apTLrzgR6q8niZ22Wx/view?usp=drivesdk",
    "path": "/2022-2023/Syksy 2022/"
  },
  {
    "songname": "Kapten Lindholm.pdf",
    "url": "https://drive.google.com/file/d/1RyXDNKLqKjwgrNFiJ9M4kL1ZeSXqboxA/view?usp=drivesdk",
    "path": "/2022-2023/Syksy 2022/"
  },
  {
    "songname": "Sherele.pdf",
    "url": "https://drive.google.com/file/d/1FE766e_Zw1zOXedcZbiQgNTw1ltblqDV/view?usp=drivesdk",
    "path": "/2022-2023/Syksy 2022/"
  },
  {
    "songname": "Sherele Mazel Tov.pdf",
    "url": "https://drive.google.com/file/d/1oPhkjE0PAUUphpXc1mGoneCnwp3rtXZQ/view?usp=drivesdk",
    "path": "/2022-2023/Syksy 2022/"
  },

  {
    "songname": "Böl Olle_stemma_selkeä.pdf",
    "url": "https://drive.google.com/file/d/1E_-nFxHk6KqDJNKYBlIHhBNI8F034FUA/view?usp=drivesdk",
    "path": "/2020-2021/Kevät 2021/"
  },
  {
    "songname": "Muuttohaukka_stemmat.pdf",
    "url": "https://drive.google.com/file/d/1zScj5OOYji2QUCFrRPrd_NzmLrV-Ykhm/view?usp=drivesdk",
    "path": "/2020-2021/Kevät 2021/"
  },
  {
    "songname": "The Bahnshee.pdf",
    "url": "https://drive.google.com/file/d/1qdiOgL3cwrFO89f4Jl65hpe8-dKw5djh/view?usp=drivesdk",
    "path": "/2020-2021/Kevät 2021/"
  },
  {
    "songname": "The Star of Munster.pdf",
    "url": "https://drive.google.com/file/d/1IUANh7q27dCQ0YFgNMyhs9jKyTGeEdsj/view?usp=drivesdk",
    "path": "/2020-2021/Kevät 2021/"
  },
  {
    "songname": "The Black Pig.pdf",
    "url": "https://drive.google.com/file/d/1pusJU9iJy3ihPI1C0yMQ1Eu71_Z2ZFmE/view?usp=drivesdk",
    "path": "/2020-2021/Kevät 2021/"
  },
  {
    "songname": "Hermannin mollipolkka Gm.pdf",
    "url": "https://drive.google.com/file/d/1J-wg4wpZvnMymZmYgNZXqLk-k3gh1w5_/view?usp=drivesdk",
    "path": "/2020-2021/Kevät 2021/"
  },
  {
    "songname": "Kauan odotettu_stemma.pdf",
    "url": "https://drive.google.com/file/d/1mVe0nyofB9ct1TPZtXRmiiF-aiT-Hx-A/view?usp=drivesdk",
    "path": "/2020-2021/Kevät 2021/"
  },
  {
    "songname": "Anttilan keväthuumaus.pdf",
    "url": "https://drive.google.com/file/d/1LttmveJ5_pWonz13SgDjtzvK9OVQhhRq/view?usp=drivesdk",
    "path": "/2020-2021/Kevät 2021/"
  },
  {
    "songname": "Vals efter Jons Persson.pdf",
    "url": "https://drive.google.com/file/d/1xpiPS5ttSXgxdhHDf4giP2B3GqFg3-t7/view?usp=drivesdk",
    "path": "/2020-2021/Kevät 2021/"
  },
  {
    "songname": "Snigelschottis_uusi.pdf",
    "url": "https://drive.google.com/file/d/1XPChmUEr2lpyqMHd47XuFZ3XRYgSMZtr/view?usp=drivesdk",
    "path": "/2020-2021/Kevät 2021/"
  },
  {
    "songname": "F-duuripolska.pdf",
    "url": "https://drive.google.com/file/d/1ox0YnPGOPzlKNi5ra5GsSv3BUevVJdLO/view?usp=drivesdk",
    "path": "/2020-2021/Kevät 2021/"
  },
  {
    "songname": "Groenne Ål in C.pdf",
    "url": "https://drive.google.com/file/d/1qAT1gHKKN4t4_8FXaC_-Q9lTPopxOkC-/view?usp=drivesdk",
    "path": "/2020-2021/Kevät 2021/"
  },
  {
    "songname": "Kylä vuotti uutta kuuta.pdf",
    "url": "https://drive.google.com/file/d/1ul-HeCxoNiUOdb_w1R5PG3ysWYKGOeCq/view?usp=drivesdk",
    "path": "/2020-2021/Kevät 2021/"
  },
  {
    "songname": "Himlens polska_AP.pdf",
    "url": "https://drive.google.com/file/d/1WK8RAaxG9qOGd5MRJMJJmN1Mr_jCCIIh/view?usp=drivesdk",
    "path": "/2020-2021/Kevät 2021/"
  },
  {
    "songname": "High_Peak_Trail.pdf",
    "url": "https://drive.google.com/file/d/1eXxCaoH2gL7UB2LeCuUk5M55CSAE1WcW/view?usp=drivesdk",
    "path": "/2020-2021/Kevät 2021/"
  },
  {
    "songname": "Peaks Old Time_G.pdf",
    "url": "https://drive.google.com/file/d/1912f1lKMsalz9MrEd38cVeqT2ObwOZj3/view?usp=drivesdk",
    "path": "/2020-2021/Kevät 2021/"
  },
  {
    "songname": "Peltoniemen Hintrikin surumarssi_Gm.pdf",
    "url": "https://drive.google.com/file/d/1ZIS4HE6YkFRSmZnZR84quzBAJ3AvEYAo/view?usp=drivesdk",
    "path": "/2020-2021/Kevät 2021/"
  },
  {
    "songname": "Kellarin kautta (2).pdf",
    "url": "https://drive.google.com/file/d/1uZ_8eyr612LpoaGEjpUQaIeP2b0vj9Av/view?usp=drivesdk",
    "path": "/2020-2021/Kevät 2021/"
  },
  {
    "songname": "Groenne Ål.pdf",
    "url": "https://drive.google.com/file/d/17Hga22BBIyheV6r1LWIjYAkMaq5wcyr-/view?usp=drivesdk",
    "path": "/2020-2021/Kevät 2021/"
  },
  {
    "songname": "Härjedalingen.pdf",
    "url": "https://drive.google.com/file/d/1AL5c071UKPXMiNR8d2Yoz4I0TO_nnXMt/view?usp=drivesdk",
    "path": "/2020-2021/Kevät 2021/"
  },
  {
    "songname": "Steffaleken in C.pdf",
    "url": "https://drive.google.com/file/d/1gcdOOPccCvbY1zan3RaFsT5RTKEbrXg-/view?usp=drivesdk",
    "path": "/2020-2021/Kevät 2021/"
  },
  {
    "songname": "Ängen var grön och flickan var skön.pdf",
    "url": "https://drive.google.com/file/d/1AJXMTBr0Meig3eyyucLp3gTrd0J8DLm3/view?usp=drivesdk",
    "path": "/2020-2021/Kevät 2021/"
  },
  {
    "songname": "Böl-Olles Schottis.pdf",
    "url": "https://drive.google.com/file/d/17jh50TykwV-zZgjwhNSNKnhXKmi4sxq0/view?usp=drivesdk",
    "path": "/2020-2021/Kevät 2021/"
  },
  {
    "songname": "Äärelä.pdf",
    "url": "https://drive.google.com/file/d/11bGDXhTELlehyNy4_l_Izs3oc2ug813j/view?usp=drivesdk",
    "path": "/2020-2021/Kevät 2021/"
  },
  {
    "songname": "Whiskey Before Breakfast.pdf",
    "url": "https://drive.google.com/file/d/1O3RtstMEbrWntvBqqPFTDVCLEyu034He/view?usp=drivesdk",
    "path": "/2020-2021/Kevät 2021/"
  },
  {
    "songname": "St. Annes Reel_stemmat.pdf",
    "url": "https://drive.google.com/file/d/1dmXg7zkg292r6VrVpphheT2LI___IWiA/view?usp=drivesdk",
    "path": "/2020-2021/Kevät 2021/"
  },
  {
    "songname": "Bluegrass-improvisointi_asteikkoja in D.pdf",
    "url": "https://drive.google.com/file/d/1YpQiBWO7g2HO9us_Nz86u6Equ5x5HmhQ/view?usp=drivesdk",
    "path": "/2020-2021/Kevät 2021/"
  },
  {
    "songname": "Ukkomiesten_sottiisi_stemmat.pdf",
    "url": "https://drive.google.com/file/d/19ERQhtIXLq74Ut2aXiAZ-g5hWpj5jCNI/view?usp=drivesdk",
    "path": "/2020-2021/Kevät 2021/"
  },
  {
    "songname": "Aarnen lempimasurkka_stemmat.pdf",
    "url": "https://drive.google.com/file/d/1RBeKHNK7tzwGTWOeXEgP7ISKfiovT-TW/view?usp=drivesdk",
    "path": "/2020-2021/Kevät 2021/"
  },
  {
    "songname": "Polkan går.pdf",
    "url": "https://drive.google.com/file/d/1lpNrE_Uasg_rXH4ZjXtcwzG3I3BdeTfX/view?usp=drivesdk",
    "path": "/2020-2021/Kevät 2021/"
  },
  {
    "songname": "Carolines Vals.pdf",
    "url": "https://drive.google.com/file/d/15X91yNCCSLzvEOPQJwWuQ_m_wn0owZhB/view?usp=drivesdk",
    "path": "/2020-2021/Kevät 2021/"
  },
  {
    "songname": "Svahnen_tehty.pdf",
    "url": "https://drive.google.com/file/d/1PycQ3hJpXewex7r0pbxu3zBkaYxCgpOo/view?usp=drivesdk",
    "path": "/2020-2021/Kevät 2021/"
  },
  {
    "songname": "Ukkomiesten sottiisi_tehty.pdf",
    "url": "https://drive.google.com/file/d/1H_67mz23-0DwNEKqygvMVH2ZRoKNm1AA/view?usp=drivesdk",
    "path": "/2020-2021/Kevät 2021/"
  },
  {
    "songname": "The Strayaway Child.pdf",
    "url": "https://drive.google.com/file/d/1wl17nkOsvDjGkmHASVCuyz9q8w7Qwtmf/view?usp=drivesdk",
    "path": "/2020-2021/Kevät 2021/"
  },
  {
    "songname": "Aarnen lempimasurkka_uudet soinnut.pdf",
    "url": "https://drive.google.com/file/d/1WinCcWqGtbMy3fYSqylhoWLzQdxjBTJv/view?usp=drivesdk",
    "path": "/2020-2021/Kevät 2021/"
  },
  {
    "songname": "Kesäaamun valssi_tehty.pdf",
    "url": "https://drive.google.com/file/d/19HhEkTXDE3_W_uQxHr9eC61L3KIfA7y_/view?usp=drivesdk",
    "path": "/2020-2021/Kevät 2021/"
  },
  {
    "songname": "Eb-duurisottiisi_tehty.pdf",
    "url": "https://drive.google.com/file/d/1EAmRWyc-cgEiJP-QX5xDEUJ5kiNtTrbT/view?usp=drivesdk",
    "path": "/2020-2021/Kevät 2021/"
  },
  {
    "songname": "Eb-duurisottiisi.pdf",
    "url": "https://drive.google.com/file/d/1Z2vaQmikL8nO7jJmoJ47iyqYtHvJGfDU/view?usp=drivesdk",
    "path": "/2020-2021/Kevät 2021/"
  },
  {
    "songname": "Ukkomiesten sottiisi.pdf",
    "url": "https://drive.google.com/file/d/1p6qibnfiD9kIx3hXoKYuyEN2XR57Jsm3/view?usp=drivesdk",
    "path": "/2020-2021/Kevät 2021/"
  },
  {
    "songname": "Kylä vuotti uutta kuuta SSAA.pdf",
    "url": "https://drive.google.com/file/d/1VaLWHTWj77aewNe1mtP40gD9iOLwjhVv/view?usp=drivesdk",
    "path": "/2020-2021/Kevät 2021/"
  },
  {
    "songname": "Kiiriminna.pdf",
    "url": "https://drive.google.com/file/d/1ZvKRatkqfNmKjSmgI5FpWvxp-XDykG3w/view?usp=drivesdk",
    "path": "/2020-2021/Kevät 2021/"
  },
  {
    "songname": "Roisi polkka.pdf",
    "url": "https://drive.google.com/file/d/1_PtzkP79pDp64AQ7Gx5u0VAS6ngFddap/view?usp=drivesdk",
    "path": "/2020-2021/Kevät 2021/"
  },
  {
    "songname": "Rytkypolkkasikermä.pdf",
    "url": "https://drive.google.com/file/d/1H7OIjj5l1Ky6ggG_WVG9gaDJFXqBjgBS/view?usp=drivesdk",
    "path": "/2020-2021/Kevät 2021/"
  },

  {
    "songname": "Vihkipolska.mscz",
    "url": "https://drive.google.com/file/d/1xipmwARizdDEXPl_BjTDUAs5vkoNrxDN/view?usp=drivesdk",
    "path": "/2020-2021/Kevätkurssi 2021/"
  },
  {
    "songname": "Valssi Jaanalle.mscz",
    "url": "https://drive.google.com/file/d/12wQbP75-Q5I5B4ObAjvIb9ckk6j0GI0i/view?usp=drivesdk",
    "path": "/2020-2021/Kevätkurssi 2021/"
  },
  {
    "songname": "Perämiehen sottiisi.mscz",
    "url": "https://drive.google.com/file/d/1o8YnrufJSoa-swUWHpqSFUvxdm76Nsfj/view?usp=drivesdk",
    "path": "/2020-2021/Kevätkurssi 2021/"
  },
  {
    "songname": "Juhantalon Faarin valssi.mscz",
    "url": "https://drive.google.com/file/d/1MNxJ-yyk2RJUUVEGQ_CLi6cLztG4Xio2/view?usp=drivesdk",
    "path": "/2020-2021/Kevätkurssi 2021/"
  },
  {
    "songname": "Vihkipolska.pdf",
    "url": "https://drive.google.com/file/d/1ZQe4IroVX-u5RdWShGAfQHTLKealyx9Y/view?usp=drivesdk",
    "path": "/2020-2021/Kevätkurssi 2021/"
  },
  {
    "songname": "Juhantalon faarin valssi.pdf",
    "url": "https://drive.google.com/file/d/1SsFD--SrZ4tKDNh3k4K5EOsnNUR7pxEN/view?usp=drivesdk",
    "path": "/2020-2021/Kevätkurssi 2021/"
  },
  {
    "songname": "Perämiehen sottiisi.pdf",
    "url": "https://drive.google.com/file/d/1eTdbReaAgyYmEZynQ7hGVxuT29Q-nqF2/view?usp=drivesdk",
    "path": "/2020-2021/Kevätkurssi 2021/"
  },
  {
    "songname": "Valssi Jaanalle.pdf",
    "url": "https://drive.google.com/file/d/1zJL4bmhh-JPtmR-W1wJxb68VggdXrMR_/view?usp=drivesdk",
    "path": "/2020-2021/Kevätkurssi 2021/"
  },
  {
    "songname": "Bach_Bourrèe in E minor.pdf",
    "url": "https://drive.google.com/file/d/1koepmRxetOZrNoktuGo4eLcX6GclNLRm/view?usp=drivesdk",
    "path": "/2020-2021/Kevätkurssi 2021/"
  },

  {
    "songname": "Lasst uns froh und munter sein.jpg",
    "url": "https://drive.google.com/file/d/1vKmRmCdkLXqAIYIeSlxVp9xlzgt1AoCr/view?usp=drivesdk",
    "path": "/2020-2021/Joululaulut 2020/"
  },
  {
    "songname": "Jouluyö, juhlayö.pdf",
    "url": "https://drive.google.com/file/d/1Twrk8G4taMRyX3om9URFcEP5mb4nKHMa/view?usp=drivesdk",
    "path": "/2020-2021/Joululaulut 2020/"
  },
  {
    "songname": "Sydämeeni joulun teen.pdf",
    "url": "https://drive.google.com/file/d/1ai8QAE0caqu5TTqP367ZXo7IvyINyxKQ/view?usp=drivesdk",
    "path": "/2020-2021/Joululaulut 2020/"
  },
  {
    "songname": "Sylvian joululaulu.pdf",
    "url": "https://drive.google.com/file/d/1b1S5-pdxjzKyYOJ_kjhQU-OMZNGRr_At/view?usp=drivesdk",
    "path": "/2020-2021/Joululaulut 2020/"
  },
  {
    "songname": "Joulu, loisteesi luo_Nordquist.pdf",
    "url": "https://drive.google.com/file/d/1jDnUL2ox944wzzS7uMjAJr51AIl_VDLd/view?usp=drivesdk",
    "path": "/2020-2021/Joululaulut 2020/"
  },
  {
    "songname": "Heinillä härkien_versio 1.pdf",
    "url": "https://drive.google.com/file/d/1BVCvxSpY4QAAxFbRkNzHBvrW7N5Z0Pon/view?usp=drivesdk",
    "path": "/2020-2021/Joululaulut 2020/"
  },
  {
    "songname": "Mökit nukkuu lumiset_Kaski.pdf",
    "url": "https://drive.google.com/file/d/1BfERjfdLlB7X93I6QLsx2d2dZiJ_C8__/view?usp=drivesdk",
    "path": "/2020-2021/Joululaulut 2020/"
  },
  {
    "songname": "Kello löi jo viisi.pdf",
    "url": "https://drive.google.com/file/d/1sQJjKEA-AoTjh6KtjFbuncvbmM_WQsw6/view?usp=drivesdk",
    "path": "/2020-2021/Joululaulut 2020/"
  },
  {
    "songname": "Joulumasurkkasikermä.pdf",
    "url": "https://drive.google.com/file/d/1SjSTSOc7SNRZVI0T80UWJT6gmvbuI7YF/view?usp=drivesdk",
    "path": "/2020-2021/Joululaulut 2020/"
  },
  {
    "songname": "Kilisee, kilisee kulkunen.pdf",
    "url": "https://drive.google.com/file/d/1Tx9EyEPg_H9TMwFPAwdoF06mJsVEaXZc/view?usp=drivesdk",
    "path": "/2020-2021/Joululaulut 2020/"
  },
  {
    "songname": "Taivas sylissäni.pdf",
    "url": "https://drive.google.com/file/d/1M4lMhzH0eSmiDxcihtpplnzIjiMYk9xK/view?usp=drivesdk",
    "path": "/2020-2021/Joululaulut 2020/"
  },
  {
    "songname": "Happy Christmas War Is Over_SSA.pdf",
    "url": "https://drive.google.com/file/d/1mwX8vh_ZtwRHI2SSLBkuiG8FuOS54A0G/view?usp=drivesdk",
    "path": "/2020-2021/Joululaulut 2020/"
  },
  {
    "songname": "Tule, joulu kultainen.pdf",
    "url": "https://drive.google.com/file/d/1XR_JQa4YRpdg41IH3bd07JUkq2l7TMhU/view?usp=drivesdk",
    "path": "/2020-2021/Joululaulut 2020/"
  },
  {
    "songname": "Varpunen jouluaamuna.pdf",
    "url": "https://drive.google.com/file/d/1HPuNu4npOYn2O5qlnIsjdh_0GuKCoXrc/view?usp=drivesdk",
    "path": "/2020-2021/Joululaulut 2020/"
  },
  {
    "songname": "En etsi valtaa, loistoa.pdf",
    "url": "https://drive.google.com/file/d/1GwThzF0L_cw-SEKcZ3APc6vBdrAR9v8b/view?usp=drivesdk",
    "path": "/2020-2021/Joululaulut 2020/"
  },
  {
    "songname": "Kuuraparta.pdf",
    "url": "https://drive.google.com/file/d/1jLCnn-qVoNBDMbhXV35zCNHKWO5VfBI5/view?usp=drivesdk",
    "path": "/2020-2021/Joululaulut 2020/"
  },
  {
    "songname": "Talven ihmemaa.pdf",
    "url": "https://drive.google.com/file/d/1fOXVrqu0aBV6zy-L-KwOuZWYIU0Tq8MD/view?usp=drivesdk",
    "path": "/2020-2021/Joululaulut 2020/"
  },
  {
    "songname": "Kellot kumajaa_altto g.pdf",
    "url": "https://drive.google.com/file/d/1T0d9isIEKYuWRred7i_3x4dBZlwZCRW2/view?usp=drivesdk",
    "path": "/2020-2021/Joululaulut 2020/"
  },
  {
    "songname": "Joululaulu_Konsta Jylhä.pdf",
    "url": "https://drive.google.com/file/d/1hCFrmeEEbuSyUbTTGxFdeXCwQCHGgu3E/view?usp=drivesdk",
    "path": "/2020-2021/Joululaulut 2020/"
  },
  {
    "songname": "Tuo armon valkokyyhky.pdf",
    "url": "https://drive.google.com/file/d/1bIPC4BJ-GrtwDer41_bRa0QhZHp8g29h/view?usp=drivesdk",
    "path": "/2020-2021/Joululaulut 2020/"
  },
  {
    "songname": "Kuului laulu enkelten.pdf",
    "url": "https://drive.google.com/file/d/1MFDELGfwQKFg9Lby50ZpBih8oUipi5Nw/view?usp=drivesdk",
    "path": "/2020-2021/Joululaulut 2020/"
  },
  {
    "songname": "Tonttu.pdf",
    "url": "https://drive.google.com/file/d/14bFNfNuYg8-QJ1nlTEgqiJpSIk9k3lYs/view?usp=drivesdk",
    "path": "/2020-2021/Joululaulut 2020/"
  },

  {
    "songname": "Vetan masurkka_Harmonikka_stemma.mscz",
    "url": "https://drive.google.com/file/d/1_jGbmFVWEu3ordZLVzZ9JnfzX_TsYZEh/view?usp=drivesdk",
    "path": "/2021-2022/Kevät 2022/MuseScoret harjoittelun avuksi/"
  },
  {
    "songname": "Lapp-Nils favoritpolska.mscz",
    "url": "https://drive.google.com/file/d/1gpE8khRmBy4wJ6rqRZpgldk4ZN9amGtj/view?usp=drivesdk",
    "path": "/2021-2022/Kevät 2022/MuseScoret harjoittelun avuksi/"
  },
  {
    "songname": "Josefins dopvals.mscz",
    "url": "https://drive.google.com/file/d/1sSOojh1lppu5usekZyQjRFlf3p9pt6jn/view?usp=drivesdk",
    "path": "/2021-2022/Kevät 2022/MuseScoret harjoittelun avuksi/"
  },
  {
    "songname": "Vauhdin_hurmaa_alkuperäinen.mscz",
    "url": "https://drive.google.com/file/d/1sZK3Xvq7h92uBagMCuwxu-jFsSbDWIKx/view?usp=drivesdk",
    "path": "/2021-2022/Kevät 2022/MuseScoret harjoittelun avuksi/"
  },
  {
    "songname": "Vauhdin_hurmaa_helppo_kakkosaani.mscz",
    "url": "https://drive.google.com/file/d/1bX_Kybk3L0w5vSS2TP5vLDi1_sAbMdyY/view?usp=drivesdk",
    "path": "/2021-2022/Kevät 2022/MuseScoret harjoittelun avuksi/"
  },

  {
    "songname": "Hultiahon sottiisi.pdf",
    "url": "https://drive.google.com/file/d/1U4SmQ0p4CC6jXUglx8YIwHAbf8hzlhoK/view?usp=drivesdk",
    "path": "/2021-2022/Kevät 2022/"
  },
  {
    "songname": "Oi,_u_vyshnevomu_sadu___Oh,_in_the_Cherry_Orchard.mscz",
    "url": "https://drive.google.com/file/d/1l_XI9MBeUVVEupf2qUC-S9pgiabXL-49/view?usp=drivesdk",
    "path": "/2021-2022/Kevät 2022/"
  },
  {
    "songname": "Lapp-Nils favoritpolska.pdf",
    "url": "https://drive.google.com/file/d/1MkDi0SRtA0rra4qFTW87ujogyc0l7ccV/view?usp=drivesdk",
    "path": "/2021-2022/Kevät 2022/"
  },
  {
    "songname": "Vetan masurkka_stemmat.pdf",
    "url": "https://drive.google.com/file/d/15YXx17Jejggul2tyQA5iODJX5y-nxysE/view?usp=drivesdk",
    "path": "/2021-2022/Kevät 2022/"
  },
  {
    "songname": "Beaumont Rag.pdf",
    "url": "https://drive.google.com/file/d/16Pj8fh1F88OT1E-fcLTPD0_gO-MwdJY3/view?usp=drivesdk",
    "path": "/2021-2022/Kevät 2022/"
  },
  {
    "songname": "Kapten Lindholm.pdf",
    "url": "https://drive.google.com/file/d/1GYulfppntye7rh9CS6FvebuOK2CBqvEt/view?usp=drivesdk",
    "path": "/2021-2022/Kevät 2022/"
  },
  {
    "songname": "Vetan masurkka.pdf",
    "url": "https://drive.google.com/file/d/1cLYyMOFjH7zq-hF6Loc8RAblILrAS7PK/view?usp=drivesdk",
    "path": "/2021-2022/Kevät 2022/"
  },
  {
    "songname": "Josefins dopvals.pdf",
    "url": "https://drive.google.com/file/d/1au6VI-0Wn4j4rDU0u3PRF-thqVcfjC2K/view?usp=drivesdk",
    "path": "/2021-2022/Kevät 2022/"
  },
  {
    "songname": "Vauhdin hurmaa_alkuperäinen.pdf",
    "url": "https://drive.google.com/file/d/1n9ba3WozynRiETOsWE9hy9x_RVWSrIYF/view?usp=drivesdk",
    "path": "/2021-2022/Kevät 2022/"
  },
  {
    "songname": "Vauhdin_hurmaa_helppo_kakkosaani.pdf",
    "url": "https://drive.google.com/file/d/1Kh4_Firu5FRBJvviQVhJmgE6i3xBynAF/view?usp=drivesdk",
    "path": "/2021-2022/Kevät 2022/"
  },
  {
    "songname": "Gammal Ljungqvistarvals.pdf",
    "url": "https://drive.google.com/file/d/1U9qLV5BCGyoZ61sCePDrIeaW-uRGGULl/view?usp=drivesdk",
    "path": "/2021-2022/Kevät 2022/"
  },
  {
    "songname": "Roisi polkka.pdf",
    "url": "https://drive.google.com/file/d/1i9woG_mVL5l6P5CbLGqZ8FbUiu10DT7A/view?usp=drivesdk",
    "path": "/2021-2022/Kevät 2022/"
  },
  {
    "songname": "Rytkypolkkasikermä.pdf",
    "url": "https://drive.google.com/file/d/1dz_GdQVdl-_G644F0EcbaW6xYIe6Wki3/view?usp=drivesdk",
    "path": "/2021-2022/Kevät 2022/"
  },

  {
    "songname": "Sherele.pdf",
    "url": "https://drive.google.com/file/d/1ee_bu_JWAaK3o8OibaEAOsp6tusvHQXy/view?usp=drivesdk",
    "path": "/2021-2022/Syksy 2021/"
  },
  {
    "songname": "Sherele Mazel Tov.pdf",
    "url": "https://drive.google.com/file/d/1fOP_Uu3zB2jK4ILTWZV86FM_v1ZWpgen/view?usp=drivesdk",
    "path": "/2021-2022/Syksy 2021/"
  },
  {
    "songname": "Ahjolan Pelimannien sottiisit.pdf",
    "url": "https://drive.google.com/file/d/1uvsAnr9ZgS9rPtWxg_TMShG48o9g1EOF/view?usp=drivesdk",
    "path": "/2021-2022/Syksy 2021/"
  },
  {
    "songname": "Valoo_SSA_orkesteri.mscz",
    "url": "https://drive.google.com/file/d/1Z665YQrC4BrSonhC2YrQySnsoaiIpWqS/view?usp=drivesdk",
    "path": "/2021-2022/Syksy 2021/"
  },
  {
    "songname": "Auchindrain_1.pdf",
    "url": "https://drive.google.com/file/d/17xq_sr382tV37R6tfDjUWoona1dQMV8V/view?usp=drivesdk",
    "path": "/2021-2022/Syksy 2021/"
  },
  {
    "songname": "Polska 839 uusi versio_stemmat.pdf",
    "url": "https://drive.google.com/file/d/1U__BF-e8Klzy5elrW3DflpTRGAj6NcoI/view?usp=drivesdk",
    "path": "/2021-2022/Syksy 2021/"
  },
  {
    "songname": "Ack Värmeland du sköna.pdf",
    "url": "https://drive.google.com/file/d/1uwLNuOEi9sp4NQwYtWy5kbmGNdi7ZohH/view?usp=drivesdk",
    "path": "/2021-2022/Syksy 2021/"
  },
  {
    "songname": "Retu-Matin polkka.pdf",
    "url": "https://drive.google.com/file/d/1n-0pdeerwTag9jngrvkZsEyW_Wf9j-f6/view?usp=drivesdk",
    "path": "/2021-2022/Syksy 2021/"
  },
  {
    "songname": "Kotiharjun päällä_stemmat 1-3.pdf",
    "url": "https://drive.google.com/file/d/13wyTBvBPAVbDUsPYLpGtdmiu00iwIBOE/view?usp=drivesdk",
    "path": "/2021-2022/Syksy 2021/"
  },
  {
    "songname": "Neil Gow's Wife_stemma.pdf",
    "url": "https://drive.google.com/file/d/13XXGlBBSvvcv30f1wiHvIzBnY0F06cnJ/view?usp=drivesdk",
    "path": "/2021-2022/Syksy 2021/"
  },
  {
    "songname": "Neil Gow's Wife.pdf",
    "url": "https://drive.google.com/file/d/1h2366Zt-hG-ZsF8VVppNnkUzv30pbcLu/view?usp=drivesdk",
    "path": "/2021-2022/Syksy 2021/"
  },
  {
    "songname": "Polska 839_sovitus.pdf",
    "url": "https://drive.google.com/file/d/1GQZ9VMmD30gEm-kHMWRXfXo68aoilJf5/view?usp=drivesdk",
    "path": "/2021-2022/Syksy 2021/"
  },
  {
    "songname": "Kotiharjun päällä (alkuperäinen).pdf",
    "url": "https://drive.google.com/file/d/15uXyxOd-vdRwTuoCOqbKTJLoZAnJJkj3/view?usp=drivesdk",
    "path": "/2021-2022/Syksy 2021/"
  },
  {
    "songname": "Kotiharjun päällä_American Patrol.pdf",
    "url": "https://drive.google.com/file/d/1ndWUPBT_iHpnRoZ8FsEbtI3EvzriUJin/view?usp=drivesdk",
    "path": "/2021-2022/Syksy 2021/"
  },
  {
    "songname": "Timo Valo_Valssi Taideiden yössä.pdf",
    "url": "https://drive.google.com/file/d/1PpF8de_ck0gw0ot3HmvFXtAuNDHPIfo1/view?usp=drivesdk",
    "path": "/2021-2022/Syksy 2021/"
  },
  {
    "songname": "Mökit nukkuu lumiset_Kaski.pdf",
    "url": "https://drive.google.com/file/d/1IPrEPqShdAN9REHMx0Aqhn6AVu_T0SiK/view?usp=drivesdk",
    "path": "/2021-2022/Syksy 2021/"
  },
  {
    "songname": "Joulumasurkkasikermä.pdf",
    "url": "https://drive.google.com/file/d/1UPkB6LEG1TfeEi6c6IBZFq041I2mfhG4/view?usp=drivesdk",
    "path": "/2021-2022/Syksy 2021/"
  },
  {
    "songname": "Taivas sylissäni.pdf",
    "url": "https://drive.google.com/file/d/13k556GhyQ8vR-6KJd1iKfHDHrrwvGdAW/view?usp=drivesdk",
    "path": "/2021-2022/Syksy 2021/"
  },

  {
    "songname": "Tyyskipolkka_stemma.mscz",
    "url": "https://drive.google.com/file/d/1-20ZAHAPHxzHRi9fGPlhASYscOrwKw3s/view?usp=drivesdk",
    "path": "/Heikin tekemät MuseScore-nuotit/"
  },
  {
    "songname": "Lato-Matin jenkka.mscz",
    "url": "https://drive.google.com/file/d/1Bqec_UoUeKxSLUbNtmjE7pJunUSMv3KY/view?usp=drivesdk",
    "path": "/Heikin tekemät MuseScore-nuotit/"
  },
  {
    "songname": "Uljas Polska.mscz",
    "url": "https://drive.google.com/file/d/1WYEb0X4cceq6L-hJ62D4hsiUCjamQQPs/view?usp=drivesdk",
    "path": "/Heikin tekemät MuseScore-nuotit/"
  },
  {
    "songname": "Vanha merimiesvalssi.mscz",
    "url": "https://drive.google.com/file/d/11djxoAqurmYjAzpoLY1lgUT0omuagTr5/view?usp=drivesdk",
    "path": "/Heikin tekemät MuseScore-nuotit/"
  },
  {
    "songname": "Thores schottis.mscz",
    "url": "https://drive.google.com/file/d/1SBilIf6hCgoCX3TK7ESc9pSvhaRFsRLI/view?usp=drivesdk",
    "path": "/Heikin tekemät MuseScore-nuotit/"
  },
  {
    "songname": "Systerpolska.mscz",
    "url": "https://drive.google.com/file/d/14NsQYP4KCdZOrSLinV-xKH4rO-zSxjY2/view?usp=drivesdk",
    "path": "/Heikin tekemät MuseScore-nuotit/"
  },
  {
    "songname": "Metsakukkia.mscz",
    "url": "https://drive.google.com/file/d/1xQrvPA0wnRfOTWCjvY6RnUuHwvnps4k5/view?usp=drivesdk",
    "path": "/Heikin tekemät MuseScore-nuotit/"
  },
  {
    "songname": "Kangasala-polkka.mscz",
    "url": "https://drive.google.com/file/d/1fXEiC5gBxJvOHqEdrkZDIc-B7HA1aI6Q/view?usp=drivesdk",
    "path": "/Heikin tekemät MuseScore-nuotit/"
  },
  {
    "songname": "Suvitunnelma.mscz",
    "url": "https://drive.google.com/file/d/1Lzo1_CqFs3d2dXDt6tYFq75JO-x508WA/view?usp=drivesdk",
    "path": "/Heikin tekemät MuseScore-nuotit/"
  },
  {
    "songname": "Siehtarlainen.mscz",
    "url": "https://drive.google.com/file/d/1PZ2GBSzoyHIXivaAsTYNK87gpc2E_Iaf/view?usp=drivesdk",
    "path": "/Heikin tekemät MuseScore-nuotit/"
  },
  {
    "songname": "Haikan masurkka.mscz",
    "url": "https://drive.google.com/file/d/1phEKMhs7k2As6Ildb92UZ-pOrXV1gIXI/view?usp=drivesdk",
    "path": "/Heikin tekemät MuseScore-nuotit/"
  },
  {
    "songname": "Jenkka Jokioisilta.mscz",
    "url": "https://drive.google.com/file/d/1Q8Of_MeRAe7FGQLpjptQmNpS92aHYg9w/view?usp=drivesdk",
    "path": "/Heikin tekemät MuseScore-nuotit/"
  },
  {
    "songname": "Hallbergspolskan från Boda.mscz",
    "url": "https://drive.google.com/file/d/1hQh5UBCSKZk_T9K5tsKi_DZ7ot6CXHAd/view?usp=drivesdk",
    "path": "/Heikin tekemät MuseScore-nuotit/"
  },
  {
    "songname": "Angeläis Nr 14.mscz",
    "url": "https://drive.google.com/file/d/1lvoftpuKX_CHqx14NvUZbnwRvhTlBlTk/view?usp=drivesdk",
    "path": "/Heikin tekemät MuseScore-nuotit/"
  },
  {
    "songname": "Engelska_från_Slaep.mscz",
    "url": "https://drive.google.com/file/d/1XvQaDWBSl6-57WpwU4F8WXoqVuI27Qtx/view?usp=drivesdk",
    "path": "/Heikin tekemät MuseScore-nuotit/"
  },
  {
    "songname": "Vals efter Jons Persson.mscz",
    "url": "https://drive.google.com/file/d/10Ra8sVX3uv-gR8oQdgV66qLW4_kvIBWr/view?usp=drivesdk",
    "path": "/Heikin tekemät MuseScore-nuotit/"
  },
  {
    "songname": "Snigelschottis.mscz",
    "url": "https://drive.google.com/file/d/1CgcototU0rnirGCDOzJh08EkYnxVqSs5/view?usp=drivesdk",
    "path": "/Heikin tekemät MuseScore-nuotit/"
  },
  {
    "songname": "Skepparschottis.mscz",
    "url": "https://drive.google.com/file/d/1M1CCRZcPyabW8qXqF6A6ZXMVSyvMSg8R/view?usp=drivesdk",
    "path": "/Heikin tekemät MuseScore-nuotit/"
  },
  {
    "songname": "Skepparschottis_av_Thore_Harderlin.mscz",
    "url": "https://drive.google.com/file/d/1bWCkde58bvrHmnpGniwzzBmUpNSyZoQY/view?usp=drivesdk",
    "path": "/Heikin tekemät MuseScore-nuotit/"
  },
  {
    "songname": "Saippuanenain_sottiisi.mscz",
    "url": "https://drive.google.com/file/d/1b1EMNdBtFlcHRX09odqFGKNcdal4Ac9m/view?usp=drivesdk",
    "path": "/Heikin tekemät MuseScore-nuotit/"
  },
  {
    "songname": "Ketolan Huugon sottiisi.mscz",
    "url": "https://drive.google.com/file/d/192fIJhvRy58lT95upLZHSg-SiyN5ETGD/view?usp=drivesdk",
    "path": "/Heikin tekemät MuseScore-nuotit/"
  },
  {
    "songname": "Blomgvistarnas_mazurka.mscz",
    "url": "https://drive.google.com/file/d/1lxmSYyQhoMDQmSNuAaJmwkbaJ2l8vlkE/view?usp=drivesdk",
    "path": "/Heikin tekemät MuseScore-nuotit/"
  },

  {
    "songname": "Muuttohaukka in G.pdf",
    "url": "https://drive.google.com/file/d/1nIKDSGfkuf15Lmd_Za0IZrVeYKvf3ij1/view?usp=drivesdk",
    "path": "/Klarinettinuotit/"
  },
  {
    "songname": "The Bahnshee in A.pdf",
    "url": "https://drive.google.com/file/d/1WUA_Tl6q4NPsr6gyXCsB20ZxNQI4GiWN/view?usp=drivesdk",
    "path": "/Klarinettinuotit/"
  },
  {
    "songname": "The Star Of Munster in Hm.pdf",
    "url": "https://drive.google.com/file/d/1kkGMI3vFy4Lgzt9VQWqgUbzr8qvVM61a/view?usp=drivesdk",
    "path": "/Klarinettinuotit/"
  },
  {
    "songname": "The Black Pig in Hm.pdf",
    "url": "https://drive.google.com/file/d/15rJR-AjGJg09UJEFkirw59XkxhtEkt8w/view?usp=drivesdk",
    "path": "/Klarinettinuotit/"
  },
  {
    "songname": "Hermannin mollipolkka in Am.pdf",
    "url": "https://drive.google.com/file/d/1ppj_jdQBt8gBbcNGlbT07NdfASyIXfCw/view?usp=drivesdk",
    "path": "/Klarinettinuotit/"
  },
  {
    "songname": "Kauan odotettu in F#m.pdf",
    "url": "https://drive.google.com/file/d/13DWfMcCNCZfh6kYY9iZViVe9jtakjjfi/view?usp=drivesdk",
    "path": "/Klarinettinuotit/"
  },
  {
    "songname": "Anttilan keväthuumaus in A.pdf",
    "url": "https://drive.google.com/file/d/1OK9xvDxg50K9CDX3EsGkgmGZ3l7y4KkV/view?usp=drivesdk",
    "path": "/Klarinettinuotit/"
  },
  {
    "songname": "Vals efter Jöns Persson in F#m.pdf",
    "url": "https://drive.google.com/file/d/1QsdO-Drf9hg_P2wmRRpNzhcHWm3hDtpL/view?usp=drivesdk",
    "path": "/Klarinettinuotit/"
  },
  {
    "songname": "Snigelschottis in F#m.pdf",
    "url": "https://drive.google.com/file/d/1aDGzh1frpeiKkVa4vI7kZSTLFjzlicSL/view?usp=drivesdk",
    "path": "/Klarinettinuotit/"
  },
  {
    "songname": "F-duuripolska in G.pdf",
    "url": "https://drive.google.com/file/d/1FWhvfELOS2uUWL3VrrDcOsvH8HlmUHzY/view?usp=drivesdk",
    "path": "/Klarinettinuotit/"
  },
  {
    "songname": "Kellarin kautta in C.pdf",
    "url": "https://drive.google.com/file/d/1oQl4ZQMzJlzSXdNZ5hSlc_rXYWnbURNa/view?usp=drivesdk",
    "path": "/Klarinettinuotit/"
  },
  {
    "songname": "Groenne Ål in D.pdf",
    "url": "https://drive.google.com/file/d/1MUvbpE_9UAeCzorGSQYYPJhFA_15j6yM/view?usp=drivesdk",
    "path": "/Klarinettinuotit/"
  },
  {
    "songname": "Kylä vuotti uutta kuuta in A.pdf",
    "url": "https://drive.google.com/file/d/1Kt5iki-bjs746qLGuohTvdbyQo4_zc06/view?usp=drivesdk",
    "path": "/Klarinettinuotit/"
  },
  {
    "songname": "Kiiriminna in Hm.pdf",
    "url": "https://drive.google.com/file/d/1h7Uc9alHVphy9eMiEgIvwDhDHT8CldT2/view?usp=drivesdk",
    "path": "/Klarinettinuotit/"
  },
  {
    "songname": "Himlens polska in Am.pdf",
    "url": "https://drive.google.com/file/d/1FesAqkTSpCcaNVgMntL0bPwVD9S9ez4l/view?usp=drivesdk",
    "path": "/Klarinettinuotit/"
  },
  {
    "songname": "High Peak Trail in A.pdf",
    "url": "https://drive.google.com/file/d/1OdS9cMTQNqNYYS2AgvB3UNSOC7ErTx9R/view?usp=drivesdk",
    "path": "/Klarinettinuotit/"
  },
  {
    "songname": "Peaks Old Time in A.pdf",
    "url": "https://drive.google.com/file/d/1jfOxSaoVdjo0ZHTMCQ-TGa-XIKnABSbx/view?usp=drivesdk",
    "path": "/Klarinettinuotit/"
  },
  {
    "songname": "Peltoniemen Hintrikin surumarssi in Am.pdf",
    "url": "https://drive.google.com/file/d/1KYCyKKFn3twT9Ly3BcM2n_02e9PJwjDK/view?usp=drivesdk",
    "path": "/Klarinettinuotit/"
  },
  {
    "songname": "Härjedalingen in D.pdf",
    "url": "https://drive.google.com/file/d/1r1ZDY-SwcszPmL13lhMDe3Ql2MJUwFqc/view?usp=drivesdk",
    "path": "/Klarinettinuotit/"
  },
  {
    "songname": "Steffaleken in D.pdf",
    "url": "https://drive.google.com/file/d/1GVFsdlikX-FdjKTVwi4PFIG0gz61W0iJ/view?usp=drivesdk",
    "path": "/Klarinettinuotit/"
  },
  {
    "songname": "Ängen var grön och flickan var skön in e.pdf",
    "url": "https://drive.google.com/file/d/1V47lNbBJr5nYw7KVxJUHEdLxz-tE2_Kk/view?usp=drivesdk",
    "path": "/Klarinettinuotit/"
  },
  {
    "songname": "Böl-Olles schottis.pdf",
    "url": "https://drive.google.com/file/d/1tEuJn6oLp_UrVXTxrMzc1Gr6QQso-RlZ/view?usp=drivesdk",
    "path": "/Klarinettinuotit/"
  },
  {
    "songname": "Äärelä in Hm.pdf",
    "url": "https://drive.google.com/file/d/1o7RMfoniPoNmh2iuokJkSh0E_kCx_1eG/view?usp=drivesdk",
    "path": "/Klarinettinuotit/"
  },
  {
    "songname": "Whiskey Before Breakfast in E.pdf",
    "url": "https://drive.google.com/file/d/1zQPln2yT-2f4TrDEPGH3jXG_Mf7YSkGZ/view?usp=drivesdk",
    "path": "/Klarinettinuotit/"
  },
  {
    "songname": "St. Annes Reel in E_stemmat.pdf",
    "url": "https://drive.google.com/file/d/1pdBNn9f-kRprXSFQTF9rrSr7QaW6iyJI/view?usp=drivesdk",
    "path": "/Klarinettinuotit/"
  },
  {
    "songname": "Bluegrass-improvisointi_asteikkoja in E.pdf",
    "url": "https://drive.google.com/file/d/1X5Flm-tFo4jVHu8u4p49CkqeEqqxzaiW/view?usp=drivesdk",
    "path": "/Klarinettinuotit/"
  },
  {
    "songname": "Pachelbelin Kaanon in E.pdf",
    "url": "https://drive.google.com/file/d/1XRpmvpzgCHYN-lpEdOQTdkArD3MFYvFP/view?usp=drivesdk",
    "path": "/Klarinettinuotit/"
  },
  {
    "songname": "Ukkomiesten sotiisi in E-A_stemmat.pdf",
    "url": "https://drive.google.com/file/d/1xaeJhkUWaAlBL8G5q2d2fbtcpmrhEnM3/view?usp=drivesdk",
    "path": "/Klarinettinuotit/"
  },
  {
    "songname": "Aarnen lempimasurkka in A stemmat.pdf",
    "url": "https://drive.google.com/file/d/13ER6v-CONvL95h55Cm0HnCH22G9RZsaw/view?usp=drivesdk",
    "path": "/Klarinettinuotit/"
  },
  {
    "songname": "Polkan går in D.pdf",
    "url": "https://drive.google.com/file/d/17IJqI_Gua6Zc9qPKDNoz8IkbsF8Q-vvW/view?usp=drivesdk",
    "path": "/Klarinettinuotit/"
  },
  {
    "songname": "Aarnen lempimasurkka in A.pdf",
    "url": "https://drive.google.com/file/d/1TUnp4FJpvCjadzaCtG_9XJiQDWrQmd3l/view?usp=drivesdk",
    "path": "/Klarinettinuotit/"
  },
  {
    "songname": "The Strayaway Child in f#.pdf",
    "url": "https://drive.google.com/file/d/1rceksnY70jSdy7HUlqJwPRq10w5ciHtJ/view?usp=drivesdk",
    "path": "/Klarinettinuotit/"
  },
  {
    "songname": "Eb-duurisotiisi in F.pdf",
    "url": "https://drive.google.com/file/d/1z4bCe9fBcJU67RvN0QhLjpto6UgNDM5l/view?usp=drivesdk",
    "path": "/Klarinettinuotit/"
  },
  {
    "songname": "Kesäaamun valssi in E.pdf",
    "url": "https://drive.google.com/file/d/1JckscMKhBhvVjQ1VvhreUlDZ8cCKMVY_/view?usp=drivesdk",
    "path": "/Klarinettinuotit/"
  },
  {
    "songname": "Ukkomiesten sotiisi in E-A.pdf",
    "url": "https://drive.google.com/file/d/1OxeNuNmmgfloyHoSPoBNwhg-RUFNdgl7/view?usp=drivesdk",
    "path": "/Klarinettinuotit/"
  }
]
