[
  {
    "songname": "Väsenvalsen-Full-Score.pdf",
    "url": "https://drive.google.com/file/d/16RKkXCml1QTUmsdlLtSE82nYg3t-Dppm/view?usp=drivesdk",
    "path": "/2019 Festivaalijamit/"
  },
  {
    "songname": "Viola-Turpeisen-jenkkivalssi-Full-Score.pdf",
    "url": "https://drive.google.com/file/d/1_zLoI0QZBi0LFOISlNB5CAHZHkEaWWDu/view?usp=drivesdk",
    "path": "/2019 Festivaalijamit/"
  },
  {
    "songname": "Venindepolska-Full-Score.pdf",
    "url": "https://drive.google.com/file/d/1yVaZnBV5eoCjFU9khMVnog_dWI8gUb58/view?usp=drivesdk",
    "path": "/2019 Festivaalijamit/"
  },
  {
    "songname": "Tiomiljonerspolskan-Full-Score.pdf",
    "url": "https://drive.google.com/file/d/1S0sLTeGvYwOezTh368CcG8g6RzFMkpoO/view?usp=drivesdk",
    "path": "/2019 Festivaalijamit/"
  },
  {
    "songname": "Sottiisi-6-Full-Score.pdf",
    "url": "https://drive.google.com/file/d/1zLupPwAkeKt_O3vOz9W3ADngWV2DCWot/view?usp=drivesdk",
    "path": "/2019 Festivaalijamit/"
  },
  {
    "songname": "Sotiisi-Henry-Fordin-nuottikirjasta-Full-Score.pdf",
    "url": "https://drive.google.com/file/d/1hp-DHWzI9nfttIqWkuoy5seHb5ulePtE/view?usp=drivesdk",
    "path": "/2019 Festivaalijamit/"
  },
  {
    "songname": "Sõbrad-ühes-meiega-Full-Score.pdf",
    "url": "https://drive.google.com/file/d/17amIAMhqYrdZr9_qSuOtRaX4_hdeRuGr/view?usp=drivesdk",
    "path": "/2019 Festivaalijamit/"
  },
  {
    "songname": "Posti-Petterin_masurkka-Full-Score.pdf",
    "url": "https://drive.google.com/file/d/1n1mnW246srYzcdkdgSpaMWlKxKCJsxCj/view?usp=drivesdk",
    "path": "/2019 Festivaalijamit/"
  },
  {
    "songname": "Pericondine-C-dur-Vesselil.pdf",
    "url": "https://drive.google.com/file/d/1oH0prsACRyNaJ0zqQcUyk-tdVCizo4Bo/view?usp=drivesdk",
    "path": "/2019 Festivaalijamit/"
  },
  {
    "songname": "pappilanpellolla_jami.pdf",
    "url": "https://drive.google.com/file/d/1vum4Ox4mSla3TQsJAp3cCaQ7fS2fe60R/view?usp=drivesdk",
    "path": "/2019 Festivaalijamit/"
  },
  {
    "songname": "Lillith-Full-Score.pdf",
    "url": "https://drive.google.com/file/d/1xNFGHGBehl3Wmbea2tPSGQbQN6lJufgo/view?usp=drivesdk",
    "path": "/2019 Festivaalijamit/"
  },
  {
    "songname": "Lempi-ihmisille-Full-Score.pdf",
    "url": "https://drive.google.com/file/d/1Z4ikCydSmL2fW-vUPRkfDSP5ZuDpYRsl/view?usp=drivesdk",
    "path": "/2019 Festivaalijamit/"
  },
  {
    "songname": "LInconnu-de-Limoise-Full-Score.pdf",
    "url": "https://drive.google.com/file/d/1SW8d7tp-APRUV9aPbHoGYj1e0Z6OF_5H/view?usp=drivesdk",
    "path": "/2019 Festivaalijamit/"
  },
  {
    "songname": "Köykkänevan-sorttinen-Full-Score.pdf",
    "url": "https://drive.google.com/file/d/1QXnjsi2t481VkyNyQpshaOsia6x_MDB_/view?usp=drivesdk",
    "path": "/2019 Festivaalijamit/"
  },
  {
    "songname": "Kockleiken-1-Full-Score.pdf",
    "url": "https://drive.google.com/file/d/1G018TtmK6uwYnM3sj5uVfgSZyvHcZNRt/view?usp=drivesdk",
    "path": "/2019 Festivaalijamit/"
  },
  {
    "songname": "Hyppytahti-Full-Score.pdf",
    "url": "https://drive.google.com/file/d/1-0gcRzJ6B87_5YDvCDp-5fLkcbqLeCRp/view?usp=drivesdk",
    "path": "/2019 Festivaalijamit/"
  },
  {
    "songname": "Henry-Fordin-sotiisi-Full-Score.pdf",
    "url": "https://drive.google.com/file/d/1WmS80l4fj42PgDlWr4R4G4Fhukhlwj7t/view?usp=drivesdk",
    "path": "/2019 Festivaalijamit/"
  },
  {
    "songname": "Cula-jesam-Full-Score.pdf",
    "url": "https://drive.google.com/file/d/1Y7I60VWV8uQDbt5u4q67qpT4LpwDvg1H/view?usp=drivesdk",
    "path": "/2019 Festivaalijamit/"
  },
  {
    "songname": "Chasing-daylight-Full-Score.pdf",
    "url": "https://drive.google.com/file/d/15DfLAdAQQz1_FLSzyOoX_9WRicraG5-L/view?usp=drivesdk",
    "path": "/2019 Festivaalijamit/"
  },
  {
    "songname": "Artun-joulumasurkka-Full-Score.pdf",
    "url": "https://drive.google.com/file/d/1_-RrYC2bmEVIP40KqBKbtefPHd2cf9Mh/view?usp=drivesdk",
    "path": "/2019 Festivaalijamit/"
  },
  {
    "songname": "Bollnas_Till-Silje_polska.pdf",
    "url": "https://drive.google.com/file/d/1rVYN9eIYTte1S-3-sjGR5UCxpGJ3xzfq/view?usp=drivesdk",
    "path": "/2014 Festivaalijamit/"
  },
  {
    "songname": "Bollnas_Almas-Polska.pdf",
    "url": "https://drive.google.com/file/d/1pzdxMEgLZKkNp_dGvT0bwuLkamH8OT6X/view?usp=drivesdk",
    "path": "/2014 Festivaalijamit/"
  },
  {
    "songname": "Slentbjenn.pdf",
    "url": "https://drive.google.com/file/d/1Ae5TokI5NiBMiltr_KmJMQbjZ2R2OOsf/view?usp=drivesdk",
    "path": "/2014 Festivaalijamit/"
  },
  {
    "songname": "GubbarnasSchottis.pdf",
    "url": "https://drive.google.com/file/d/1dZeU8-aMR5b314aGpmbWjSh3QvnMCBaE/view?usp=drivesdk",
    "path": "/2014 Festivaalijamit/"
  },
  {
    "songname": "SorjanaKasvoi.pdf",
    "url": "https://drive.google.com/file/d/1C3CVobCY6ZMRpiJ5711IseQ1luLx5itO/view?usp=drivesdk",
    "path": "/2014 Festivaalijamit/"
  },
  {
    "songname": "Herrojen_kanssa_pellon_laidalla.pdf",
    "url": "https://drive.google.com/file/d/1tNewt02a4SbVDty-RwqSJTTxmCoTnLB6/view?usp=drivesdk",
    "path": "/2014 Festivaalijamit/"
  },
  {
    "songname": "Bornholm_Set_no2.pdf",
    "url": "https://drive.google.com/file/d/1-C7ZOC6wKmRTDnla9jS8c39fKDTJeQAa/view?usp=drivesdk",
    "path": "/2014 Festivaalijamit/"
  },
  {
    "songname": "Bornholm_Set_no1.pdf",
    "url": "https://drive.google.com/file/d/1_F3A1NsbUJgmyyNZPblGXr0JomghZhs3/view?usp=drivesdk",
    "path": "/2014 Festivaalijamit/"
  },
  {
    "songname": "Kutita_Kustaa.pdf",
    "url": "https://drive.google.com/file/d/1bNtkIAucgPouL0mtfYJZ-EjC3jvQdoea/view?usp=drivesdk",
    "path": "/2014 Festivaalijamit/"
  },
  {
    "songname": "Vals-efter-Jons-Persson.pdf",
    "url": "https://drive.google.com/file/d/1miWzhdP7HFmH7frklF200fu_CBOtYZY_/view?usp=drivesdk",
    "path": "/2014 Festivaalijamit/"
  },
  {
    "songname": "Snigelschottis.pdf",
    "url": "https://drive.google.com/file/d/1yGpZmmGyoxVvXB64IumM-x1Gipguwg77/view?usp=drivesdk",
    "path": "/2014 Festivaalijamit/"
  },
  {
    "songname": "Big_Horse.pdf",
    "url": "https://drive.google.com/file/d/1z5wmEdqDeOeV3_SpV6_KD_7DioPtVG3t/view?usp=drivesdk",
    "path": "/2014 Festivaalijamit/"
  },
  {
    "songname": "Ross_Ainslies_March.pdf",
    "url": "https://drive.google.com/file/d/1eSx-ihfwpPDLm6lLxg85YixmHBFOuXVy/view?usp=drivesdk",
    "path": "/2014 Festivaalijamit/"
  },
  {
    "songname": "Lahnaperaan_Maijan_polkka.pdf",
    "url": "https://drive.google.com/file/d/1RkTLh-F8gMqMGMGvJYKxX376kdqjFDBB/view?usp=drivesdk",
    "path": "/2014 Festivaalijamit/"
  },
  {
    "songname": "Pyykkipolkka1.pdf",
    "url": "https://drive.google.com/file/d/1EI0oaTQ5M04GTquH0MVe6Qkt7CDhmwnK/view?usp=drivesdk",
    "path": "/2014 Festivaalijamit/"
  },
  {
    "songname": "Very_jeune_gavottedelAven.pdf",
    "url": "https://drive.google.com/file/d/1jDrCl3EFcLRHEdSKyXI0qYpI_w_6e-Qn/view?usp=drivesdk",
    "path": "/2014 Festivaalijamit/"
  },
  {
    "songname": "Heartbeat_hanterdro.pdf",
    "url": "https://drive.google.com/file/d/1LYcjYLh3MSkk4wDGCJfcZ6X-yZooSmOV/view?usp=drivesdk",
    "path": "/2014 Festivaalijamit/"
  },
  {
    "songname": "Virtalan_Reinon_Knaapsaayspolkka.pdf",
    "url": "https://drive.google.com/file/d/1a5rkqLZ7EdDeMaiHwZNXitlMvCwUKRlU/view?usp=drivesdk",
    "path": "/2014 Festivaalijamit/"
  },
  {
    "songname": "Elzics_farewell.pdf",
    "url": "https://drive.google.com/file/d/1gHo1aLia44MNHMS8L-YIPhrvlMLwcYkK/view?usp=drivesdk",
    "path": "/2014 Festivaalijamit/"
  },
  {
    "songname": "Billy_in_the_lowground.pdf",
    "url": "https://drive.google.com/file/d/1BHctbVjNvhu23a0jX-sdKJv51rHtpFnS/view?usp=drivesdk",
    "path": "/2014 Festivaalijamit/"
  },

  {
    "songname": "Kadunud_Ungarisse.pdf",
    "url": "https://drive.google.com/file/d/1-5zioZMV8CG5R4qUSBnRvHuGrpgrqfrA/view?usp=drivesdk",
    "path": "/2014 Festivaalijamit/"
  },
  {
    "songname": "Aamani_polka.pdf",
    "url": "https://drive.google.com/file/d/1DyO4aPEbLDzkXHQ6n0gYLGz5zitQCKsc/view?usp=drivesdk",
    "path": "/2014 Festivaalijamit/"
  },
  {
    "songname": "MasunistinKallenPolkka.pdf",
    "url": "https://drive.google.com/file/d/1tMVte1U3E5Fy8k9l7LoQ-7M1Vn24Eary/view?usp=drivesdk",
    "path": "/2012 Festivaalijamit/"
  },
  {
    "songname": "HinkkiinTulloo.pdf",
    "url": "https://drive.google.com/file/d/16Ql0rTrKd-UID0XoDnpeGzK5rgTNfE3J/view?usp=drivesdk",
    "path": "/2012 Festivaalijamit/"
  },
  {
    "songname": "AmeriikanPolokanTahtia.pdf",
    "url": "https://drive.google.com/file/d/1C3J0v1diS11Mn-t0aULrVOY5QJiERt79/view?usp=drivesdk",
    "path": "/2012 Festivaalijamit/"
  },
  {
    "songname": "FABulous.pdf",
    "url": "https://drive.google.com/file/d/1oHKjyPZVQO-BeO4XvNaQTVI6ebvjIUFP/view?usp=drivesdk",
    "path": "/2012 Festivaalijamit/"
  },
  {
    "songname": "LastManStandingAntti.pdf",
    "url": "https://drive.google.com/file/d/1_34HXqn0sHaAdmon4M08n77mue_JkIfV/view?usp=drivesdk",
    "path": "/2012 Festivaalijamit/"
  },
  {
    "songname": "VanaPolka.pdf",
    "url": "https://drive.google.com/file/d/1Z9QJaLDGdg6pf_rxgStxTwcDRJCFc2nV/view?usp=drivesdk",
    "path": "/2012 Festivaalijamit/"
  },
  {
    "songname": "MustlasePolka.pdf",
    "url": "https://drive.google.com/file/d/1eLNHfvIJS8EDwjfpTKLeMre_-6eWTG2G/view?usp=drivesdk",
    "path": "/2012 Festivaalijamit/"
  },
  {
    "songname": "KuimetsaKaieLugu_Labajalg.pdf",
    "url": "https://drive.google.com/file/d/1RrlZ5cIdtBCTfais52eRhVcFGCrLvJax/view?usp=drivesdk",
    "path": "/2012 Festivaalijamit/"
  },
  {
    "songname": "ScottishDuTienne.pdf",
    "url": "https://drive.google.com/file/d/1jq6GssPD12yTCGaPbIbvLeqoLwTQYPv5/view?usp=drivesdk",
    "path": "/2012 Festivaalijamit/"
  },
  {
    "songname": "LaNeracoise.pdf",
    "url": "https://drive.google.com/file/d/1Fzf27_fUztT98PK1LxOf4RGBK86nN_J1/view?usp=drivesdk",
    "path": "/2012 Festivaalijamit/"
  },
  {
    "songname": "DuckRiverPerusmelodia.pdf",
    "url": "https://drive.google.com/file/d/1Bv3KKQoabpPwMpCUDCLxXHZ1fAEKTxmB/view?usp=drivesdk",
    "path": "/2012 Festivaalijamit/"
  },
  {
    "songname": "DuckRiver1.pdf",
    "url": "https://drive.google.com/file/d/1PPjR5pUALn-Lo9j-19HcqG4kP5OIKo2y/view?usp=drivesdk",
    "path": "/2012 Festivaalijamit/"
  },
  {
    "songname": "LostGirl.pdf",
    "url": "https://drive.google.com/file/d/10IHypJYWa5XkkU4hCyjWEsTUUwbKaz6M/view?usp=drivesdk",
    "path": "/2012 Festivaalijamit/"
  },
  {
    "songname": "OjalanSotiisi1.pdf",
    "url": "https://drive.google.com/file/d/1UNIB2v3YxE1s2uun_APouLSwA_-F3NmF/view?usp=drivesdk",
    "path": "/2012 Festivaalijamit/"
  },
  {
    "songname": "KasteliKukkaaVanhaMummo1.pdf",
    "url": "https://drive.google.com/file/d/1qmuRz7yPbXEtLqTGBHo4eUTgfzMAuq2D/view?usp=drivesdk",
    "path": "/2012 Festivaalijamit/"
  },
  {
    "songname": "IsuaEnkeliskaa2.pdf",
    "url": "https://drive.google.com/file/d/1gDx8wtev1HqePorWORAM5scQI2MFd6lG/view?usp=drivesdk",
    "path": "/2012 Festivaalijamit/"
  },
  {
    "songname": "SielunestunPolkka1.pdf",
    "url": "https://drive.google.com/file/d/1kLRhxUrgM1evvCmkepd6dVBquv37rT-g/view?usp=drivesdk",
    "path": "/2012 Festivaalijamit/"
  },
  {
    "songname": "Sirapsbacken.pdf",
    "url": "https://drive.google.com/file/d/1mSLRE2mgkQRWHbBkntVhzGD29U4mnTnu/view?usp=drivesdk",
    "path": "/2012 Festivaalijamit/"
  },
  {
    "songname": "KnaftJonkesSchottis.pdf",
    "url": "https://drive.google.com/file/d/1GIWAa8CIiZ4o4goqH9N3gCyJvneU81_L/view?usp=drivesdk",
    "path": "/2012 Festivaalijamit/"
  },
  {
    "songname": "Zycanthos.pdf",
    "url": "https://drive.google.com/file/d/11FdW16IHGUVTeNpI8bRDa_R175MUTH06/view?usp=drivesdk",
    "path": "/2012 Festivaalijamit/"
  },
  {
    "songname": "GrandfathersTune1.pdf",
    "url": "https://drive.google.com/file/d/13d-YPwwtyCKvdLn-Np8L5hSuYZD6wADq/view?usp=drivesdk",
    "path": "/2012 Festivaalijamit/"
  },
  {
    "songname": "DansaLitenPiga2.pdf",
    "url": "https://drive.google.com/file/d/12NgCaowIwxRyEFZLKkrWzIXYFPrcs92a/view?usp=drivesdk",
    "path": "/2012 Festivaalijamit/"
  },
  {
    "songname": "ValsAkabat1.pdf",
    "url": "https://drive.google.com/file/d/1F1SXPZlxuq6AmiHv51HdVORLSoFFrb7f/view?usp=drivesdk",
    "path": "/2012 Festivaalijamit/"
  },
  {
    "songname": "Vaikia-asia.pdf",
    "url": "https://drive.google.com/file/d/1OfX256mPC0o6M3jUYXTDRr3Khe6OKzJZ/view?usp=drivesdk",
    "path": "/2016 Festivaalijamit/"
  },
  {
    "songname": "A-Winston-Jig.pdf",
    "url": "https://drive.google.com/file/d/1yZdvyY9xTsN015qAWAmJX4KQ5w4mHhD5/view?usp=drivesdk",
    "path": "/2016 Festivaalijamit/"
  },
  {
    "songname": "The-Kerry-Polska.pdf",
    "url": "https://drive.google.com/file/d/1WR653vJbVTxJn6HIB83xMQBUNHbrsl5l/view?usp=drivesdk",
    "path": "/2016 Festivaalijamit/"
  },
  {
    "songname": "KollbergVPS10.pdf",
    "url": "https://drive.google.com/file/d/1yCNixGD5YJ4ehVbroQy5Qcw-b07isnEF/view?usp=drivesdk",
    "path": "/2016 Festivaalijamit/"
  },
  {
    "songname": "Taneli.pdf",
    "url": "https://drive.google.com/file/d/1jH7vbLNGKbRmJpnMtIlf5PPklgzsCvuu/view?usp=drivesdk",
    "path": "/2016 Festivaalijamit/"
  },
  {
    "songname": "Venehessä-vetten-päällä.pdf",
    "url": "https://drive.google.com/file/d/1q276Mc07YOR4w087_crcDJTAHGQ6qsDP/view?usp=drivesdk",
    "path": "/2016 Festivaalijamit/"
  },
  {
    "songname": "Sydänystävä.pdf",
    "url": "https://drive.google.com/file/d/1WwbhQSKessiXNtGGIsHGBhTkjmG369C3/view?usp=drivesdk",
    "path": "/2016 Festivaalijamit/"
  },
  {
    "songname": "Taho.pdf",
    "url": "https://drive.google.com/file/d/1by7eb3U4pIofaYAXLXWfehsN3IS3I2uy/view?usp=drivesdk",
    "path": "/2016 Festivaalijamit/"
  },
  {
    "songname": "Friimannin-Villen-valssi.pdf",
    "url": "https://drive.google.com/file/d/1kY7wm9g4yrgcAztwmwnDcp4s5L74N-UP/view?usp=drivesdk",
    "path": "/2016 Festivaalijamit/"
  },
  {
    "songname": "Koni-Kaakari.pdf",
    "url": "https://drive.google.com/file/d/1o2NqdBNbGCHk4MRMfJ0Gir8r7dPNdBzX/view?usp=drivesdk",
    "path": "/2016 Festivaalijamit/"
  },
  {
    "songname": "Maa-on-musta.pdf",
    "url": "https://drive.google.com/file/d/1qGkzfYEO2Q5_iL5oHwgrORE_bMNVtlFm/view?usp=drivesdk",
    "path": "/2016 Festivaalijamit/"
  },
  {
    "songname": "Taivas-on-sininen-ja-valkoinen.pdf",
    "url": "https://drive.google.com/file/d/1kHBy4kLi7Q8Y9X0UFmvRoLXhrS9s26fD/view?usp=drivesdk",
    "path": "/2016 Festivaalijamit/"
  },
  {
    "songname": "Merellä-olen-minä-syntynyt.pdf",
    "url": "https://drive.google.com/file/d/1xETRI7uz8W5ewrT_N0DAnLY62wv6MZnk/view?usp=drivesdk",
    "path": "/2016 Festivaalijamit/"
  },
  {
    "songname": "Två-dagar-utan-storm.pdf",
    "url": "https://drive.google.com/file/d/16bfe63m_hhyo06ZKKicgqjV1jpNtXClE/view?usp=drivesdk",
    "path": "/2016 Festivaalijamit/"
  },
  {
    "songname": "Eemeli-Nurmelan-sotiisi.pdf",
    "url": "https://drive.google.com/file/d/1Q0WFthM_khgEKXvpiB9JENZ9iJKbzsol/view?usp=drivesdk",
    "path": "/2016 Festivaalijamit/"
  },

  {
    "songname": "Sofia-Riskun-masurkka.pdf",
    "url": "https://drive.google.com/file/d/1N47j3c5WAUiCwC1rapnsXeZXmDF0tgXH/view?usp=drivesdk",
    "path": "/2016 Festivaalijamit/"
  },
  {
    "songname": "Tom-McElvogues-Jig.pdf",
    "url": "https://drive.google.com/file/d/1EYh3kaaDy1uax-uhDerzI8kFgSyxGjJX/view?usp=drivesdk",
    "path": "/2016 Festivaalijamit/"
  },
  {
    "songname": "Richard_Dwyers_Reel.pdf",
    "url": "https://drive.google.com/file/d/1rXg7u9vSBJwcN4ktLMGjgwZKd5uxn-Hi/view?usp=drivesdk",
    "path": "/2016 Festivaalijamit/"
  },
  {
    "songname": "Purpurin-franseesi-Vatjusjärveltä.pdf",
    "url": "https://drive.google.com/file/d/1r9HzqyNK7zXxsM7YN-i566RJsi_Dklo7/view?usp=drivesdk",
    "path": "/2016 Festivaalijamit/"
  },
  {
    "songname": "Polka-giocoliera.pdf",
    "url": "https://drive.google.com/file/d/1aHacu35voA__SVXqFuPYhyL4ECkm9r9w/view?usp=drivesdk",
    "path": "/2016 Festivaalijamit/"
  },
  {
    "songname": "Day-Night.pdf",
    "url": "https://drive.google.com/file/d/1oQfIh8EJUFYSyAbe3gxFBP_g_XbeazB1/view?usp=drivesdk",
    "path": "/2016 Festivaalijamit/"
  },
  {
    "songname": "Kökare-pollonessa.pdf",
    "url": "https://drive.google.com/file/d/1MqIdSeOu_oPo8oI8sk-3dFyR863wQw0k/view?usp=drivesdk",
    "path": "/2018 Festivaalijamit/"
  },
  {
    "songname": "Tipitii.pdf",
    "url": "https://drive.google.com/file/d/1fchgJaw5aCe2ES5tnOl12qWhIHCzo_6k/view?usp=drivesdk",
    "path": "/2018 Festivaalijamit/"
  },
  {
    "songname": "Sofia-Riskun-laulama-polkka.pdf",
    "url": "https://drive.google.com/file/d/1O5XV5oQyCRzwdC6FwWsansr33eLAM-K-/view?usp=drivesdk",
    "path": "/2018 Festivaalijamit/"
  },
  {
    "songname": "Kairelan-Oskarin-sottiisi.pdf",
    "url": "https://drive.google.com/file/d/1xMi0dUhS8C7p8bxxRIx0AEy4EQxvCaMa/view?usp=drivesdk",
    "path": "/2018 Festivaalijamit/"
  },
  {
    "songname": "Teksan-Maijan-roskapuuvalssi.pdf",
    "url": "https://drive.google.com/file/d/1Yr_u5qsVoel2eAyX_IrViLedHp491-j5/view?usp=drivesdk",
    "path": "/2018 Festivaalijamit/"
  },
  {
    "songname": "Pettanvalssi.pdf",
    "url": "https://drive.google.com/file/d/1C0-NdAqVQQWv9zZFMkpIjqyd2pPUuUxf/view?usp=drivesdk",
    "path": "/2018 Festivaalijamit/"
  },
  {
    "songname": "Schottis-efter-jpragvals.pdf",
    "url": "https://drive.google.com/file/d/1Vu4MKpw4xjpqImgg9Ga4nku15B0_ysZJ/view?usp=drivesdk",
    "path": "/2018 Festivaalijamit/"
  },
  {
    "songname": "Dig-så-vill-jag-kläda.pdf",
    "url": "https://drive.google.com/file/d/1cLkb_L8ZdMc9oRnCrxGO_Wi9QLZlR8mE/view?usp=drivesdk",
    "path": "/2018 Festivaalijamit/"
  },
  {
    "songname": "Likka-istui-kivellä.pdf",
    "url": "https://drive.google.com/file/d/1gYpqjCh7uPss2xfGVKLAiq7yg1KBe2yO/view?usp=drivesdk",
    "path": "/2018 Festivaalijamit/"
  },
  {
    "songname": "Kulkuripoika.pdf",
    "url": "https://drive.google.com/file/d/1oARFF0q2MbNXLxJEe-XVClmOZdRKVTAV/view?usp=drivesdk",
    "path": "/2018 Festivaalijamit/"
  },
  {
    "songname": "D-duuri-hoppatahti.pdf",
    "url": "https://drive.google.com/file/d/1rllf65w8rjdyTI1jhIysOQx_2H8T0lsH/view?usp=drivesdk",
    "path": "/2013 Festivaalijamit/"
  },
  {
    "songname": "Villen-marssi.pdf",
    "url": "https://drive.google.com/file/d/1e2raYzXt75Hv98nQSVexwqybXopD9fvS/view?usp=drivesdk",
    "path": "/2013 Festivaalijamit/"
  },
  {
    "songname": "Salonkylän-polkka.pdf",
    "url": "https://drive.google.com/file/d/19CQbRFFIK3clgh5JSf5vm7IvZsUwLdhb/view?usp=drivesdk",
    "path": "/2013 Festivaalijamit/"
  },
  {
    "songname": "Puustelin-Veikon-Sotiisi.pdf",
    "url": "https://drive.google.com/file/d/1ZMlgoG9yvD-cJARccNHauvVq0GN2-8Xq/view?usp=drivesdk",
    "path": "/2013 Festivaalijamit/"
  },
  {
    "songname": "A-duuri-Silia-Valssi.pdf",
    "url": "https://drive.google.com/file/d/1N9jPspDjEE_-ppzXE6Psio3wT-965cA7/view?usp=drivesdk",
    "path": "/2013 Festivaalijamit/"
  },
  {
    "songname": "Polska-Orhwurm.pdf",
    "url": "https://drive.google.com/file/d/1JP1rY-PtYk2ZBIESQ8x6uu_nF6O_pDnv/view?usp=drivesdk",
    "path": "/2013 Festivaalijamit/"
  },
  {
    "songname": "Kyytipoika.pdf",
    "url": "https://drive.google.com/file/d/17H34arPpnjnL_mPzuWn6tOXHfC2ZtDFl/view?usp=drivesdk",
    "path": "/2013 Festivaalijamit/"
  },
  {
    "songname": "Bjekkergauken.pdf",
    "url": "https://drive.google.com/file/d/1OQqwEvEmkkH3S2A_r-z4ws1koKEMAsKo/view?usp=drivesdk",
    "path": "/2013 Festivaalijamit/"
  },
  {
    "songname": "Eikä-Mulla-Kotua-Ole.pdf",
    "url": "https://drive.google.com/file/d/1PfAF5NeCjd4mu41P1ACmvjIpUm-x1Qjr/view?usp=drivesdk",
    "path": "/2013 Festivaalijamit/"
  },
  {
    "songname": "Kustaa-Järvisen-Tyyskäsarja.pdf",
    "url": "https://drive.google.com/file/d/1KQpcjJTEqB404yXHX5k6elgbUK5y6Okl/view?usp=drivesdk",
    "path": "/2013 Festivaalijamit/"
  },
  {
    "songname": "Juhantalon-Faarin-Valssi.pdf",
    "url": "https://drive.google.com/file/d/18runP2AoRxDiV15wCX8mMj6_WYVb2TBC/view?usp=drivesdk",
    "path": "/2013 Festivaalijamit/"
  },
  {
    "songname": "Kringellek-från-Siljansnäs.pdf",
    "url": "https://drive.google.com/file/d/1jydG1TKWjJiUjXfkzeQaffeVyGPV2laG/view?usp=drivesdk",
    "path": "/2013 Festivaalijamit/"
  },
  {
    "songname": "Pari-polskaa-Kokkolasta.pdf",
    "url": "https://drive.google.com/file/d/16D2O4N9HJvDwLuqkYGaEk-IkthO8BrXP/view?usp=drivesdk",
    "path": "/2013 Festivaalijamit/"
  },
  {
    "songname": "Polonäs-nr-72-Sexdrega.pdf",
    "url": "https://drive.google.com/file/d/166KDiv64tMhmysUFBC2l1npKTyrEK4Mx/view?usp=drivesdk",
    "path": "/2013 Festivaalijamit/"
  },
  {
    "songname": "Vals-Av-Vidar-Skrede.pdf",
    "url": "https://drive.google.com/file/d/1YvJufd4vIjbSDnQGAJNEmERFYcYmXplt/view?usp=drivesdk",
    "path": "/2013 Festivaalijamit/"
  },
  {
    "songname": "Reinlendar.pdf",
    "url": "https://drive.google.com/file/d/1CfTAneaSbsY2D2Udj3tz5yJQTNUow9Bp/view?usp=drivesdk",
    "path": "/2013 Festivaalijamit/"
  },
  {
    "songname": "Gudmunddansen.pdf",
    "url": "https://drive.google.com/file/d/1X5l1aw42wpWCZ5Wt3L1NBgfqiCxePoHQ/view?usp=drivesdk",
    "path": "/2013 Festivaalijamit/"
  },
  {
    "songname": "karula_mehe_mesileib.pdf",
    "url": "https://drive.google.com/file/d/19fv29pJnzF6tnpCEU_0DYE_hXpZTlUsw/view?usp=drivesdk",
    "path": "/2011 Festivaalijamit/"
  },
  {
    "songname": "Reinlender.pdf",
    "url": "https://drive.google.com/file/d/1mBV11DB5Wtbqf2LmCQAdrdJ_aKlrS-mr/view?usp=drivesdk",
    "path": "/2011 Festivaalijamit/"
  },
  {
    "songname": "Sipelga_polka11.pdf",
    "url": "https://drive.google.com/file/d/13FcauC5VIf6omSaPzzMW1gjrL4Rhn60G/view?usp=drivesdk",
    "path": "/2011 Festivaalijamit/"
  },
  {
    "songname": "Kadril_van_Mechelen.pdf",
    "url": "https://drive.google.com/file/d/1OW4jEyhkG05UffRwVdMqGg6qLwnwu_7d/view?usp=drivesdk",
    "path": "/2011 Festivaalijamit/"
  },
  {
    "songname": "Horlepijp.pdf",
    "url": "https://drive.google.com/file/d/1f3T4BbCAKtozjobx_-A0KkDG2-dTFek_/view?usp=drivesdk",
    "path": "/2011 Festivaalijamit/"
  },
  {
    "songname": "Bodabourr...pdf",
    "url": "https://drive.google.com/file/d/1KQCl4-gDYKoSdU7CpPUhFy1S3RY99CGy/view?usp=drivesdk",
    "path": "/2011 Festivaalijamit/"
  },
  {
    "songname": "Colonne_La_Gavre.pdf",
    "url": "https://drive.google.com/file/d/1LgxpM6e3iJT8tOnui6l6_4kOqolhX2R_/view?usp=drivesdk",
    "path": "/2011 Festivaalijamit/"
  },

  {
    "songname": "PolonessaSpoof.pdf",
    "url": "https://drive.google.com/file/d/1Gud1DrJGCI7-rziH2Ho8o3M4mriHckXu/view?usp=drivesdk",
    "path": "/2011 Festivaalijamit/"
  },
  {
    "songname": "Ardran_Ti_Me_Zad.pdf",
    "url": "https://drive.google.com/file/d/1wuZAZiSs4UUw06SU2IQG5xSONegEodLi/view?usp=drivesdk",
    "path": "/2011 Festivaalijamit/"
  },
  {
    "songname": "Nurkkatanssit.pdf",
    "url": "https://drive.google.com/file/d/1-6dE5wNuRNshkoMHGPIxUcy2kvOhsQIL/view?usp=drivesdk",
    "path": "/2011 Festivaalijamit/"
  },
  {
    "songname": "LaihianPolkka.pdf",
    "url": "https://drive.google.com/file/d/1xV5gz4bgNKHWFq_xKHnl3RJjVHiv12SU/view?usp=drivesdk",
    "path": "/2011 Festivaalijamit/"
  },
  {
    "songname": "Suutarin-Jussin-polkka.pdf",
    "url": "https://drive.google.com/file/d/1I8CVLH1Dpmmbv6wCMH31xe7zT1KEiklb/view?usp=drivesdk",
    "path": "/2011 Festivaalijamit/"
  },
  {
    "songname": "Silvaanin-Kallen-masurkka.pdf",
    "url": "https://drive.google.com/file/d/11opTqh4LUG74gNrqX3yyMOYr1U5iKSh_/view?usp=drivesdk",
    "path": "/2011 Festivaalijamit/"
  },
  {
    "songname": "Ellan-Valden-jatsi.pdf",
    "url": "https://drive.google.com/file/d/1pT_4t6_Gg7Evi2LaUUXC9NMpbZS_d6vj/view?usp=drivesdk",
    "path": "/2011 Festivaalijamit/"
  },
  {
    "songname": "Hauranmaan-A-duurivalssi.pdf",
    "url": "https://drive.google.com/file/d/12RiQ_lrzDjEBGu0BHfBowEDkpJrNx9cw/view?usp=drivesdk",
    "path": "/2011 Festivaalijamit/"
  },
  {
    "songname": "Johanneksen-poikain-sotiisi.pdf",
    "url": "https://drive.google.com/file/d/1t9H6azTS8d945IO4wYy4SFGokz8uNZ4L/view?usp=drivesdk",
    "path": "/2011 Festivaalijamit/"
  },
  {
    "songname": "Up_Da_Stroods_Da_Sailor_Goes.pdf",
    "url": "https://drive.google.com/file/d/1AsSNKLjlPiWKzybU4MrkG0DmHK7Xtpuo/view?usp=drivesdk",
    "path": "/2011 Festivaalijamit/"
  },
  {
    "songname": "Stouts_Trip_Tae_Skea.pdf",
    "url": "https://drive.google.com/file/d/1gaod_YkAl0LGfq8rkAKFJLBFq-f5PsMj/view?usp=drivesdk",
    "path": "/2011 Festivaalijamit/"
  },
  {
    "songname": "DogsBite_D.pdf",
    "url": "https://drive.google.com/file/d/1XSI2icF0ipNz2j84aVB57QYs4z_BgdrN/view?usp=drivesdk",
    "path": "/2011 Festivaalijamit/"
  },
  {
    "songname": "Boston_Urban_Ceilidh.pdf",
    "url": "https://drive.google.com/file/d/16mWk_y5XqHryTrMqrTrakaw3-pK1veI9/view?usp=drivesdk",
    "path": "/2011 Festivaalijamit/"
  },
  {
    "songname": "Vrålkådauusi.pdf",
    "url": "https://drive.google.com/file/d/1PdXu1t59SbpmAOu4IlQ5kqb_aAVcXkbh/view?usp=drivesdk",
    "path": "/2011 Festivaalijamit/"
  },
  {
    "songname": "Bisonpolska.pdf",
    "url": "https://drive.google.com/file/d/1Ux47tbqj84_EEIDszdvsb0vitwoT1RuG/view?usp=drivesdk",
    "path": "/2011 Festivaalijamit/"
  },
  {
    "songname": "Ylitalon-Jussin-marssi.pdf",
    "url": "https://drive.google.com/file/d/1Ai1au2XPkfYL5MNgogr3KbRZLkBa2CX3/view?usp=drivesdk",
    "path": "/2017 Festivaalijamit/"
  },
  {
    "songname": "Villen-marssi.pdf",
    "url": "https://drive.google.com/file/d/18PO2lDKF5QdjrJrK9gJ60NQzCFb1EcR0/view?usp=drivesdk",
    "path": "/2017 Festivaalijamit/"
  },
  {
    "songname": "Walking-on-the-Moon.pdf",
    "url": "https://drive.google.com/file/d/1Oc4b_z43E0jtQBDY7N1Y_ioHPy7mqo9l/view?usp=drivesdk",
    "path": "/2017 Festivaalijamit/"
  },
  {
    "songname": "Tuon-Pohjolan-poikasen-lempi.pdf",
    "url": "https://drive.google.com/file/d/1FxO6tFUgInbvlt17piybvrOtlYdrAzgC/view?usp=drivesdk",
    "path": "/2017 Festivaalijamit/"
  },
  {
    "songname": "Satakielen-valssi.pdf",
    "url": "https://drive.google.com/file/d/1jTghc1IJP6yfAVZnwhLLHr3LrzLeZBku/view?usp=drivesdk",
    "path": "/2017 Festivaalijamit/"
  },
  {
    "songname": "Pienenä-poikana-kerjuulla-kuljin.pdf",
    "url": "https://drive.google.com/file/d/1VysQ-REGmDhNsqXO1_zZUO47PAPR2Bmj/view?usp=drivesdk",
    "path": "/2017 Festivaalijamit/"
  },
  {
    "songname": "Pelimannin-kaikuja.pdf",
    "url": "https://drive.google.com/file/d/1Jq75GGqW_SYx44vK5mZzkBMkc1zaVDs_/view?usp=drivesdk",
    "path": "/2017 Festivaalijamit/"
  },
  {
    "songname": "Notsud.pdf",
    "url": "https://drive.google.com/file/d/1kn67lDh21yfCxKVgxycZYsiDaMBqT38J/view?usp=drivesdk",
    "path": "/2017 Festivaalijamit/"
  },
  {
    "songname": "Maamies-se-pellon-kyntää.pdf",
    "url": "https://drive.google.com/file/d/1kmL5AkiNlx4DCFi2BmYM0icfOA5xCj3i/view?usp=drivesdk",
    "path": "/2017 Festivaalijamit/"
  },
  {
    "songname": "Linda.pdf",
    "url": "https://drive.google.com/file/d/1zVJI2ywHT6mG_KJRBRj1E4bDkEXJlSUP/view?usp=drivesdk",
    "path": "/2017 Festivaalijamit/"
  },
  {
    "songname": "Krolle-Bolle-polka.pdf",
    "url": "https://drive.google.com/file/d/1uPo3oifpNjaawscOQi4Z-G0v7M42QwbV/view?usp=drivesdk",
    "path": "/2017 Festivaalijamit/"
  },
  {
    "songname": "Kesän-tullessa.pdf",
    "url": "https://drive.google.com/file/d/1YCXvHzR5xY9Fp1c0Nc2m6s1lezMZIOsH/view?usp=drivesdk",
    "path": "/2017 Festivaalijamit/"
  },
  {
    "songname": "Hääpolska2.pdf",
    "url": "https://drive.google.com/file/d/1Txe9chAi8iuIpChZZhr0aTImLPeMUz0_/view?usp=drivesdk",
    "path": "/2017 Festivaalijamit/"
  },
  {
    "songname": "Hääpolska1.pdf",
    "url": "https://drive.google.com/file/d/1q_Snkx62-k7IufAaHWmZtHgZH2LlO_In/view?usp=drivesdk",
    "path": "/2017 Festivaalijamit/"
  },
  {
    "songname": "Hyppytahti.pdf",
    "url": "https://drive.google.com/file/d/1VKaQu0sNK-zPKx4Uxmsaari8iKX4e180/view?usp=drivesdk",
    "path": "/2017 Festivaalijamit/"
  },
  {
    "songname": "Friiti-Ojalan-häävalssi.pdf",
    "url": "https://drive.google.com/file/d/1DeqmLBRBvRQbIlIVIQBezdYU5l-NiwIL/view?usp=drivesdk",
    "path": "/2017 Festivaalijamit/"
  },
  {
    "songname": "Du-er-min-egen.pdf",
    "url": "https://drive.google.com/file/d/1tCNdg-qRMBlwsoSiJLn6tFKzdr1aJtNE/view?usp=drivesdk",
    "path": "/2017 Festivaalijamit/"
  },
  {
    "songname": "D-duurialotus.pdf",
    "url": "https://drive.google.com/file/d/11eHb_QrfJrGH9ByW6ym-kOHF3VfmM0Yd/view?usp=drivesdk",
    "path": "/2017 Festivaalijamit/"
  },
  {
    "songname": "A-molliflikuleeri.pdf",
    "url": "https://drive.google.com/file/d/1nb-e_ElNkzY1weU4sGi-QSW1dmL9XwzS/view?usp=drivesdk",
    "path": "/2017 Festivaalijamit/"
  },
  {
    "songname": "A-duurisiliavalssi.pdf",
    "url": "https://drive.google.com/file/d/1bQQ0xoJA6zqQME6XdbVQMog2fIajH9Bk/view?usp=drivesdk",
    "path": "/2017 Festivaalijamit/"
  },
  {
    "songname": "A-duurimarssi.pdf",
    "url": "https://drive.google.com/file/d/1E_aCAtk_lN7u5sSkiHJLPaicSst7NJ7j/view?usp=drivesdk",
    "path": "/2017 Festivaalijamit/"
  }
]
