[
  {
    "songname": "Gustav Erikas schottis.pdf",
    "url": "https://drive.google.com/file/d/1-gjNM5FeV-dPbdk-9gzNZ2DEnl62wSi5/view?usp=drivesdk",
    "path": "/Jaminuotit/"
  },
  {
    "songname": "Uljas polska ja Lehmänkello.pdf",
    "url": "https://drive.google.com/file/d/1QeeWmDwAQZmM58-PC4n6FOH0Rrz9e2yx/view?usp=drivesdk",
    "path": "/Jaminuotit/"
  },
  {
    "songname": "Trollens Brudmarsch soinnuilla.pdf",
    "url": "https://drive.google.com/file/d/1-ebeeeQSoG5DOrDFXYsNCoLmyvsovxkD/view?usp=drivesdk",
    "path": "/Jaminuotit/"
  },
  {
    "songname": "Taklaxin Polskat 2 kpl.pdf",
    "url": "https://drive.google.com/file/d/1GXBAkUvqC-YrD3KwqmHA1URNZVp97_Cw/view?usp=drivesdk",
    "path": "/Jaminuotit/"
  },
  {
    "songname": "Sottiisi Kurikan nuottikirjasta.pdf",
    "url": "https://drive.google.com/file/d/1NZcv-0ONwlDI7iDQ7pfzHGDW6sjiCKqv/view?usp=drivesdk",
    "path": "/Jaminuotit/"
  },
  {
    "songname": "Sme pelles polska Delsbo.pdf",
    "url": "https://drive.google.com/file/d/1DaNawhlMbcbzmUla81utMU7rsKO3AVMx/view?usp=drivesdk",
    "path": "/Jaminuotit/"
  },
  {
    "songname": "Rintalan_Heikin_polska.pdf",
    "url": "https://drive.google.com/file/d/164k__bKkncCm_dObWEt_l7TRj5j4p9kr/view?usp=drivesdk",
    "path": "/Jaminuotit/"
  },
  {
    "songname": "Riippusillan Hambo.pdf",
    "url": "https://drive.google.com/file/d/1w1Cpg6S6auGKqOlykzTi4u9fv3SeJYZB/view?usp=drivesdk",
    "path": "/Jaminuotit/"
  },
  {
    "songname": "Rahapolska.pdf",
    "url": "https://drive.google.com/file/d/1D_g6bGFwQTnAmhWNECfKKbnTcgLUjKLH/view?usp=drivesdk",
    "path": "/Jaminuotit/"
  },
  {
    "songname": "Polska från tenala.pdf",
    "url": "https://drive.google.com/file/d/1wjVP4dGCumABOk2Dyq-JZ4CuaRcTfjiP/view?usp=drivesdk",
    "path": "/Jaminuotit/"
  },
  {
    "songname": "Polska från Småland.pdf",
    "url": "https://drive.google.com/file/d/1M5IzwFyFNqvsF8MCr02RoX_hxiLhyBLD/view?usp=drivesdk",
    "path": "/Jaminuotit/"
  },
  {
    "songname": "PolonessaSpoof.pdf",
    "url": "https://drive.google.com/file/d/1kL8wV3jHG_jYKLPD4vqiRoZKvY7SpdQt/view?usp=drivesdk",
    "path": "/Jaminuotit/"
  },
  {
    "songname": "Polonäs från sexdrega.pdf",
    "url": "https://drive.google.com/file/d/1DE8e9JySTIrZ-hZ7yeQSWAtsq19or-TW/view?usp=drivesdk",
    "path": "/Jaminuotit/"
  },
  {
    "songname": "Pinnin Polskat 1-2, Tallarin Polska 1.pdf",
    "url": "https://drive.google.com/file/d/1A1zz136Vt00OZgk0Gexia0ZDHyTuHhWw/view?usp=drivesdk",
    "path": "/Jaminuotit/"
  },
  {
    "songname": "Peli-Jussin syömämarssi.pdf",
    "url": "https://drive.google.com/file/d/13brB0LE24pTLBjQ9xnjurSlahJnoBHPa/view?usp=drivesdk",
    "path": "/Jaminuotit/"
  },
  {
    "songname": "Lapväärtin menuetti ja polska.pdf",
    "url": "https://drive.google.com/file/d/1aFrCR1H7AEh0K4oMLG8rkwnNtP3tUkid/view?usp=drivesdk",
    "path": "/Jaminuotit/"
  },
  {
    "songname": "Kruunu marjaanan polska.pdf",
    "url": "https://drive.google.com/file/d/1X8lmCZvWkfYGHGLo0vWq74v-2DYO3D8q/view?usp=drivesdk",
    "path": "/Jaminuotit/"
  },
  {
    "songname": "Kringellek från siljansnäs.pdf",
    "url": "https://drive.google.com/file/d/1ZfwvZMlMmxkrAgJ81LnmKDKNt4mQPxp6/view?usp=drivesdk",
    "path": "/Jaminuotit/"
  },
  {
    "songname": "Koiviston polska.pdf",
    "url": "https://drive.google.com/file/d/1OoSDOD-Wt_xaQLrJ6IuNuket3ChzhEHi/view?usp=drivesdk",
    "path": "/Jaminuotit/"
  },
  {
    "songname": "Kinnarin Polska.pdf",
    "url": "https://drive.google.com/file/d/1ONtXIrcb0VuQ1fqQxmTf0CGbgHOqdYW1/view?usp=drivesdk",
    "path": "/Jaminuotit/"
  },
  {
    "songname": "Jos-sä-olet-minun-hellunani-Full-Score.pdf",
    "url": "https://drive.google.com/file/d/1Om94oWnyUH8jsD1_mb24WCXa1sH47dUT/view?usp=drivesdk",
    "path": "/Jaminuotit/"
  },
  {
    "songname": "josephines walz.pdf",
    "url": "https://drive.google.com/file/d/1iPqggRis6yL7X3iS1oxGEytf9iDEj023/view?usp=drivesdk",
    "path": "/Jaminuotit/"
  },
  {
    "songname": "Hullu Sakari ja Eliaxen speli.pdf",
    "url": "https://drive.google.com/file/d/1dLL-_BjKGFKfWM-_ZQHGf1L3E_QK-xOt/view?usp=drivesdk",
    "path": "/Jaminuotit/"
  },
  {
    "songname": "Höökinpolska.pdf",
    "url": "https://drive.google.com/file/d/13n2O9EWu5F6l-aqWWwzo6hmdbGdWiynx/view?usp=drivesdk",
    "path": "/Jaminuotit/"
  },
  {
    "songname": "Himlens polska 1 sivu.pdf",
    "url": "https://drive.google.com/file/d/12JRwKh8QiWqJ4VJl3wMcdDMxUkIDlm-F/view?usp=drivesdk",
    "path": "/Jaminuotit/"
  },
  {
    "songname": "Haudanmaan 2 polskaa.pdf",
    "url": "https://drive.google.com/file/d/1GM6ksVEebepGyMbQDig1AEfc8xXx2QEL/view?usp=drivesdk",
    "path": "/Jaminuotit/"
  },
  {
    "songname": "Hannun Hambo.pdf",
    "url": "https://drive.google.com/file/d/1UdR89ZJapgxVTy1uq7FIwyMALGlssgx0/view?usp=drivesdk",
    "path": "/Jaminuotit/"
  },
  {
    "songname": "Hambo vid fäbodan.pdf",
    "url": "https://drive.google.com/file/d/1jzftscsAAom4xYqm_zkVDNgg6qh-JZM_/view?usp=drivesdk",
    "path": "/Jaminuotit/"
  },
  {
    "songname": "Hallbergspolska efter Röjås Erik.pdf",
    "url": "https://drive.google.com/file/d/1ZCpOG3Q53Du5SLXqdnika7637QxWNz4j/view?usp=drivesdk",
    "path": "/Jaminuotit/"
  },
  {
    "songname": "Glalåten ja Vänkärin polska.pdf",
    "url": "https://drive.google.com/file/d/1DeLfGQNQEfKgTvkmhFJ3lE3EknX3Ae3u/view?usp=drivesdk",
    "path": "/Jaminuotit/"
  },
  {
    "songname": "Farmors polska.pdf",
    "url": "https://drive.google.com/file/d/1DlVKT7t3NKFUIXGGbBmkQPVSLd65N3B4/view?usp=drivesdk",
    "path": "/Jaminuotit/"
  },
  {
    "songname": "Esshambo.pdf",
    "url": "https://drive.google.com/file/d/111zqf2bqLzGxJ3bYWEOicnz_Pp7pBuo-/view?usp=drivesdk",
    "path": "/Jaminuotit/"
  },
  {
    "songname": "Ellin polkka.pdf",
    "url": "https://drive.google.com/file/d/19PL2czolcu4jEOQMECijobZuh8FdQ6Ca/view?usp=drivesdk",
    "path": "/Jaminuotit/"
  },
  {
    "songname": "Björkö_polska.pdf",
    "url": "https://drive.google.com/file/d/1br7gydpNYgUpsEXJbY51Tc_6bXeBMG2t/view?usp=drivesdk",
    "path": "/Jaminuotit/"
  },
  {
    "songname": "Bisonpolska.pdf",
    "url": "https://drive.google.com/file/d/1cHnhkInghw4Uo4vKaIoCBsJNU4NV5DLl/view?usp=drivesdk",
    "path": "/Jaminuotit/"
  },
  {
    "songname": "Antin mikon polska.pdf",
    "url": "https://drive.google.com/file/d/1jP0uGjB-N_RC7EixjmsTlvo143Y9ks9B/view?usp=drivesdk",
    "path": "/Jaminuotit/"
  },
  {
    "songname": "Amerikan miljonäärien marssi.pdf",
    "url": "https://drive.google.com/file/d/1U-Ju7dMMfpeupetR-ExCCh1ixrQ-oRZL/view?usp=drivesdk",
    "path": "/Jaminuotit/"
  },
  {
    "songname": "Bölli-Ollin sottiisi.pdf",
    "url": "https://drive.google.com/file/d/1mag2WmCp49aem-VHRBiH3Rem3tF7WqHJ/view?usp=drivesdk",
    "path": "/Jaminuotit/"
  },
  {
    "songname": "Hultiahon sottiisi.pdf",
    "url": "https://drive.google.com/file/d/1RGnSDE9IhNiSujZi2YkURB53uTCyk-xx/view?usp=drivesdk",
    "path": "/Jaminuotit/"
  },
  {
    "songname": "Norjalainen_sottiisi eli Griffenfelt.pdf",
    "url": "https://drive.google.com/file/d/1LEviSBLtRaslsydD1kal6CdcqI9oMo75/view?usp=drivesdk",
    "path": "/Jaminuotit/"
  },
  {
    "songname": "Pappilan pellolla Vill du flyga.pdf",
    "url": "https://drive.google.com/file/d/1no-rqnGQad5DdTtxA-6U2LJvggVRUTQ8/view?usp=drivesdk",
    "path": "/Jaminuotit/"
  },
  {
    "songname": "Penttilän sillalla.pdf",
    "url": "https://drive.google.com/file/d/17qxSsS9QGI2BjB2ASN00wc7OrTUFk97N/view?usp=drivesdk",
    "path": "/Jaminuotit/"
  },
  {
    "songname": "Vrålkråda.pdf",
    "url": "https://drive.google.com/file/d/1jPhkWuyVLPIXrbPMVxICbkKkJDATOK5q/view?usp=drivesdk",
    "path": "/Jaminuotit/"
  },
  {
    "songname": "Jylhän enstin sottiisi.pdf",
    "url": "https://drive.google.com/file/d/1M43RRnPv5FUwBnPwE9ixiOttKtaqiQVZ/view?usp=drivesdk",
    "path": "/Jaminuotit/"
  },
  {
    "songname": "Henry ford sottiisi.pdf",
    "url": "https://drive.google.com/file/d/1i6W3xkuLhFJ25RK2k4LzNiQJ2Utf9iCQ/view?usp=drivesdk",
    "path": "/Jaminuotit/"
  },
  {
    "songname": "Ellun sottiisi.pdf",
    "url": "https://drive.google.com/file/d/12HYuUUKUBsT28ORVvIvErNlJhRNB9Hbh/view?usp=drivesdk",
    "path": "/Jaminuotit/"
  },
  {
    "songname": "16-osapolska.pdf",
    "url": "https://drive.google.com/file/d/1BsefEhwFRAkOHPUXzi0MrXSK0bG1kjns/view?usp=drivesdk",
    "path": "/Jaminuotit/"
  },
  {
    "songname": "Harrin jenkka.pdf",
    "url": "https://drive.google.com/file/d/1xXH7RUXNm_vHWsuh3Vakra5nWoLnnnmu/view?usp=drivesdk",
    "path": "/Jaminuotit/"
  },
  {
    "songname": "Norsk_schottis.pdf",
    "url": "https://drive.google.com/file/d/1ZmxHFQx66GVMImW_ZuA51mISnWLMuhRe/view?usp=drivesdk",
    "path": "/Jaminuotit/"
  },
  {
    "songname": "Vanha jenkka Frank Hietalalta.pdf",
    "url": "https://drive.google.com/file/d/1AHzssdvLzZD5KaTrqtWMWPv2S7kGsCrS/view?usp=drivesdk",
    "path": "/Jaminuotit/"
  },
  {
    "songname": "Kattalender komppi.pdf",
    "url": "https://drive.google.com/file/d/10VVe8heDdooPuUP7N3g5zWpBDRGjAnmQ/view?usp=drivesdk",
    "path": "/Jaminuotit/"
  },
  {
    "songname": "Saippuanenä-sottiisi.pdf",
    "url": "https://drive.google.com/file/d/1B4j1vLWIwfXAvJWW7lhVkad_7DqEDlT9/view?usp=drivesdk",
    "path": "/Jaminuotit/"
  },
  {
    "songname": "Kirkkonummen valssit 1 ja 2.pdf",
    "url": "https://drive.google.com/file/d/1kuNjTPDmpwHvzhJDPACei4cgqIXQ6OGP/view?usp=drivesdk",
    "path": "/Jaminuotit/"
  },
  {
    "songname": "Sommarvals.pdf",
    "url": "https://drive.google.com/file/d/1yFBe4gj8LnNzzUv76bouJ29ImSh8H48U/view?usp=drivesdk",
    "path": "/Jaminuotit/"
  },
  {
    "songname": "Valvotun yön valssi 1 sivu.pdf",
    "url": "https://drive.google.com/file/d/17ck2xRC9ZUgVMR7Wz8BhupPyTKWATNxz/view?usp=drivesdk",
    "path": "/Jaminuotit/"
  },
  {
    "songname": "Lokakuun polkk.pdf",
    "url": "https://drive.google.com/file/d/1RnkUycIFr7EL3AG_cvL3y8YpXO8XR5aa/view?usp=drivesdk",
    "path": "/Jaminuotit/"
  },
  {
    "songname": "Salonkylän polkka.pdf",
    "url": "https://drive.google.com/file/d/1dY-sXC_U3vFb25BzWz1JNTMOe1uEqJHu/view?usp=drivesdk",
    "path": "/Jaminuotit/"
  },
  {
    "songname": "Polska Flodens dod e August Bohlin Up 2st.pdf",
    "url": "https://drive.google.com/file/d/1caTnBAs0kuNekl4jUOflaPZuOj1e_qmL/view?usp=drivesdk",
    "path": "/Jaminuotit/"
  },
  {
    "songname": "Skipperschottis.pdf",
    "url": "https://drive.google.com/file/d/18L5cECpVhPUYnnrbJBl3UCLxeiR4DaGt/view?usp=drivesdk",
    "path": "/Jaminuotit/"
  },
  {
    "songname": "Vill du flyga.pdf",
    "url": "https://drive.google.com/file/d/1c6_KVBFAvmIHr6ryaIsZXnc5_jzGx0Ij/view?usp=drivesdk",
    "path": "/Jaminuotit/"
  },
  {
    "songname": "Kellarin kautta.pdf",
    "url": "https://drive.google.com/file/d/13WBb1gUwuwbFBIWUjxXDtG0VEH0h8qLA/view?usp=drivesdk",
    "path": "/Jaminuotit/"
  },
  {
    "songname": "Westphalia.pdf",
    "url": "https://drive.google.com/file/d/1sRzUaXKG8wz77YqhBdQ00ZheProcw0dS/view?usp=drivesdk",
    "path": "/Jaminuotit/"
  },
  {
    "songname": "Konstan parempi valssi.pdf",
    "url": "https://drive.google.com/file/d/1-eiPNTQSMgr-nZODWLZ38V2Nq6qs8gzk/view?usp=drivesdk",
    "path": "/Jaminuotit/"
  },
  {
    "songname": "Valvotun yön valssi.pdf",
    "url": "https://drive.google.com/file/d/1xYCMSeyaFJlLZpUSnRYr6gW_sTnXdAxS/view?usp=drivesdk",
    "path": "/Jaminuotit/"
  },
  {
    "songname": "Huhtikuun polkka.pdf",
    "url": "https://drive.google.com/file/d/1GOYD2JUX7NLmU5uphqKGg8esVXZMa7GZ/view?usp=drivesdk",
    "path": "/Jaminuotit/"
  },
  {
    "songname": "Laihian polkka.pdf",
    "url": "https://drive.google.com/file/d/17mSJaCeTTXcGzBQCcAbBQJIX2Y3wlhmd/view?usp=drivesdk",
    "path": "/Jaminuotit/"
  },
  {
    "songname": "Polonäs nr 72 Sexdrega.pdf",
    "url": "https://drive.google.com/file/d/1X2QRhf_qgfrU4-ARpokRRdHcDqsmPeB2/view?usp=drivesdk",
    "path": "/Jaminuotit/"
  }
]
