[
  {
    "songname": "Över sjö och land (polska).pdf",
    "url": "https://drive.google.com/file/d/1V-8HIK-kKyg9pIy--AOff1ekAMSMKMhq/view?usp=drivesdk",
    "path": "/2023/"
  },
  {
    "songname": "Zydiwoczka na seli (melodia).pdf",
    "url": "https://drive.google.com/file/d/1C94N4Xo4gRVG3MAI-MR7kfRnfoOrTm6o/view?usp=drivesdk",
    "path": "/2023/"
  },
  {
    "songname": "Zydiwoczka na seli (2.viulu).pdf",
    "url": "https://drive.google.com/file/d/1T6MtxpbQBLImsxwdQwwBluM0UZbnzImD/view?usp=drivesdk",
    "path": "/2023/"
  },
  {
    "songname": "Över sjö och land (hambo).pdf",
    "url": "https://drive.google.com/file/d/1vCD599I35B_QYO816svr34tNv6gHTPh-/view?usp=drivesdk",
    "path": "/2023/"
  },
  {
    "songname": "Vakaren.pdf",
    "url": "https://drive.google.com/file/d/1-Or_BfZwRqheapC_hADKphItOhP0mnrI/view?usp=drivesdk",
    "path": "/2023/"
  },
  {
    "songname": "Trip to the Market.pdf",
    "url": "https://drive.google.com/file/d/12gS0CS8s4dLT14fhZZ7QvOCbtOuiJ5P4/view?usp=drivesdk",
    "path": "/2023/"
  },
  {
    "songname": "Vill du Flyga.pdf",
    "url": "https://drive.google.com/file/d/1QkpfMqg6Ey2_QvnApVnBR6iLkQOdNLi5/view?usp=drivesdk",
    "path": "/2023/"
  },
  {
    "songname": "Thores Schottis.pdf",
    "url": "https://drive.google.com/file/d/1c95AIPYV95FGN-9JHckIppBaV7nkuGj8/view?usp=drivesdk",
    "path": "/2023/"
  },
  {
    "songname": "The Sally Gardens.pdf",
    "url": "https://drive.google.com/file/d/1iUn7HLK8efM234CFrObuFDGNr6IH1PtW/view?usp=drivesdk",
    "path": "/2023/"
  },
  {
    "songname": "The Harvest Home.pdf",
    "url": "https://drive.google.com/file/d/1ryvZYBy0eP8vj9pDMUlfIRh1u515OANW/view?usp=drivesdk",
    "path": "/2023/"
  },
  {
    "songname": "The Boys of Bluehill.pdf",
    "url": "https://drive.google.com/file/d/1zSjunNiUf9JalNFns_qYzYfM8au3ZhTa/view?usp=drivesdk",
    "path": "/2023/"
  },
  {
    "songname": "Sydänystävä.pdf",
    "url": "https://drive.google.com/file/d/1-8O5yRRACh5xmw1G9xAsmIdyyQ_L6-D5/view?usp=drivesdk",
    "path": "/2023/"
  },
  {
    "songname": "Skepparschottis.pdf",
    "url": "https://drive.google.com/file/d/1b0svZSJPXJSL3UMb21LwbgR7wm-JcsoL/view?usp=drivesdk",
    "path": "/2023/"
  },
  {
    "songname": "Systerpolska 2 efter Timas Hans, Ore.pdf",
    "url": "https://drive.google.com/file/d/1k9GTogvRNkSh9Ula8UdTfFef_kwripv6/view?usp=drivesdk",
    "path": "/2023/"
  },
  {
    "songname": "Sydänperä-Josefs polka.pdf",
    "url": "https://drive.google.com/file/d/1lmA2AYRztP6NPFge3y6faoZmqZ09yJyJ/view?usp=drivesdk",
    "path": "/2023/"
  },
  {
    "songname": "Seijarin ja Pinnin polska.pdf",
    "url": "https://drive.google.com/file/d/12zMjVux8Rsr6ujqgR5_2qUrxCQ57HytM/view?usp=drivesdk",
    "path": "/2023/"
  },
  {
    "songname": "Sjiusterag 1130.pdf",
    "url": "https://drive.google.com/file/d/14rG8JPvXTvM30HYLb6_HR5eY9N-p6Oky/view?usp=drivesdk",
    "path": "/2023/"
  },
  {
    "songname": "Seven Maids of Kilnasmuttaun.pdf",
    "url": "https://drive.google.com/file/d/1XKxm8ja8n6M46vbvCJJHVYtto4oZ7xST/view?usp=drivesdk",
    "path": "/2023/"
  },
  {
    "songname": "Rysspolska 1040.pdf",
    "url": "https://drive.google.com/file/d/16-vfLfb1bKf7L8FDz9dx_d7U5ltT1KNs/view?usp=drivesdk",
    "path": "/2023/"
  },
  {
    "songname": "Raunon valssi.pdf",
    "url": "https://drive.google.com/file/d/1DBoctUGpeKINbnMTT8azv-mbFyeuk1Mn/view?usp=drivesdk",
    "path": "/2023/"
  },
  {
    "songname": "Saippuanenäin sottiisi.pdf",
    "url": "https://drive.google.com/file/d/1EwhDCxi-uNY2co8wsACj4kXYiGKzK-qT/view?usp=drivesdk",
    "path": "/2023/"
  },
  {
    "songname": "Schottis efter Carl-Aron Hakberg.pdf",
    "url": "https://drive.google.com/file/d/1FFgEqrqPW5ZfGVtNbY6LxnyceKL5RGJE/view?usp=drivesdk",
    "path": "/2023/"
  },
  {
    "songname": "Polska 971.pdf",
    "url": "https://drive.google.com/file/d/1R4BM6YF3Wwt3f-epmX3bhlItIVbMdBuc/view?usp=drivesdk",
    "path": "/2023/"
  },
  {
    "songname": "Polska 554.pdf",
    "url": "https://drive.google.com/file/d/1Vc4eKcK1dE2lNAgrAJW-oVBFZhZ4uNpC/view?usp=drivesdk",
    "path": "/2023/"
  },
  {
    "songname": "Polska efter Juringius.pdf",
    "url": "https://drive.google.com/file/d/1jJCyj_sypbQho6fzr0hUXoTix6m9c38w/view?usp=drivesdk",
    "path": "/2023/"
  },
  {
    "songname": "Mollisottiisi.pdf",
    "url": "https://drive.google.com/file/d/17TI0hxLIy9WLdVioFFKofDuAuNusOihn/view?usp=drivesdk",
    "path": "/2023/"
  },
  {
    "songname": "Polka Tsarivnyi Kaminets.pdf",
    "url": "https://drive.google.com/file/d/1AiOggiJorJKuqAH6mqzy3axFOIYGh68T/view?usp=drivesdk",
    "path": "/2023/"
  },
  {
    "songname": "Pinnin valssi.pdf",
    "url": "https://drive.google.com/file/d/1huLqH6GF5uF4mxLO0pDhIIXpLEbzG-5s/view?usp=drivesdk",
    "path": "/2023/"
  },
  {
    "songname": "Norsk schottis.pdf",
    "url": "https://drive.google.com/file/d/1nV2zUog_pF2q5sUGa7R239GLIxZn1VVw/view?usp=drivesdk",
    "path": "/2023/"
  },
  {
    "songname": "Minoorne labajalg.pdf",
    "url": "https://drive.google.com/file/d/1liJLLuEspgprTAqcmD5PJKiz8XRehlqJ/view?usp=drivesdk",
    "path": "/2023/"
  },
  {
    "songname": "Maalarin Franssin Sotiisi.pdf",
    "url": "https://drive.google.com/file/d/1olbYT_FzXSc26YR44R-qUU91ZkBXF7GI/view?usp=drivesdk",
    "path": "/2023/"
  },
  {
    "songname": "Matinpäivänjenkka.pdf",
    "url": "https://drive.google.com/file/d/1uxfnCjUO2ZSbdPiygj7IvFcb1eiAPnel/view?usp=drivesdk",
    "path": "/2023/"
  },
  {
    "songname": "Ketolan Huugon sottiisi.pdf",
    "url": "https://drive.google.com/file/d/178GJtnyfCtwZT3G5QsfcK38ynwP467G1/view?usp=drivesdk",
    "path": "/2023/"
  },
  {
    "songname": "Jussinaamun Kohmapolska.pdf",
    "url": "https://drive.google.com/file/d/1gVg0a_O6d5dOW3mkbxLmD3R-dsqW-wpg/view?usp=drivesdk",
    "path": "/2023/"
  },
  {
    "songname": "Lärpolkan.pdf",
    "url": "https://drive.google.com/file/d/1kX54IumRh-3zd4Pr0qPhv9zxoxOh2yij/view?usp=drivesdk",
    "path": "/2023/"
  },
  {
    "songname": "Lapp-Nils Favoritpolska.pdf",
    "url": "https://drive.google.com/file/d/1rdYHgLJonbxQi788IIxhD6_ci113SMAG/view?usp=drivesdk",
    "path": "/2023/"
  },
  {
    "songname": "Jenkka Jokioisilta.pdf",
    "url": "https://drive.google.com/file/d/1_1cPrgejUKk-msG6kKeKvJX7aXWbC_uC/view?usp=drivesdk",
    "path": "/2023/"
  },
  {
    "songname": "Häiden myötäjäjismarssi.pdf",
    "url": "https://drive.google.com/file/d/1fRsATztXwRmPyGO0UPeRXBqXHSRxYWNG/view?usp=drivesdk",
    "path": "/2023/"
  },
  {
    "songname": "Henry Fords Schottises.pdf",
    "url": "https://drive.google.com/file/d/18BggbLeFXW1hNNf6YwT_IF-aycsUOJVe/view?usp=drivesdk",
    "path": "/2023/"
  },
  {
    "songname": "Hultiahon sottiisi.pdf",
    "url": "https://drive.google.com/file/d/1B8VksTxmEPhOF8maK3iqK1uI2FR_OXdU/view?usp=drivesdk",
    "path": "/2023/"
  },
  {
    "songname": "Hambon onni.pdf",
    "url": "https://drive.google.com/file/d/1iuRBRkOq8V92jtDUlQvhNrEyK9mmaER9/view?usp=drivesdk",
    "path": "/2023/"
  },
  {
    "songname": "Farmors brudpolska.pdf",
    "url": "https://drive.google.com/file/d/1F7dOXJlvSVR9CIwnplHLGA8oHUs0O7zb/view?usp=drivesdk",
    "path": "/2023/"
  },
  {
    "songname": "Floteren in G.pdf",
    "url": "https://drive.google.com/file/d/1NOBFU3Vz5WxVkyU1ERn2U4Z3hTkhRvtD/view?usp=drivesdk",
    "path": "/2023/"
  },
  {
    "songname": "Gandzja.pdf",
    "url": "https://drive.google.com/file/d/1fp0BTlAeg3noQ-gVFOAqedKSnDxgEpgC/view?usp=drivesdk",
    "path": "/2023/"
  },
  {
    "songname": "Felefeber.pdf",
    "url": "https://drive.google.com/file/d/1gNTpyBxqjFKxAtYJSusQdqb-5gBBCwwG/view?usp=drivesdk",
    "path": "/2023/"
  },
  {
    "songname": "Elohiire polokk.pdf",
    "url": "https://drive.google.com/file/d/1TiWa0ib3DHdRmZfI8YMFM8LZR09KjDpv/view?usp=drivesdk",
    "path": "/2023/"
  },
  {
    "songname": "Bölli-Olli.pdf",
    "url": "https://drive.google.com/file/d/1_AF81TZ0CVpXaB3d_Fhk3hz5tTY-rBAb/view?usp=drivesdk",
    "path": "/2023/"
  },
  {
    "songname": "Cirkelpolska i G-mol.pdf",
    "url": "https://drive.google.com/file/d/1vhiJhh_KsDzZmuHbANg-Hyvt9OUiuVBi/view?usp=drivesdk",
    "path": "/2023/"
  },
  {
    "songname": "Aamer August.pdf",
    "url": "https://drive.google.com/file/d/1ZzaN4-EEISlyqSghmfiUpRnWtzxVk6TT/view?usp=drivesdk",
    "path": "/2023/"
  },
  {
    "songname": "Almas polska.pdf",
    "url": "https://drive.google.com/file/d/1dre__BPK1BTInPjDoACmGxmxnfGAhd5W/view?usp=drivesdk",
    "path": "/2023/"
  },
  {
    "songname": "As a Thoiseach.pdf",
    "url": "https://drive.google.com/file/d/1pi0BfhZCNJ0YCmq7byaZBCFZR0IC20Vp/view?usp=drivesdk",
    "path": "/2023/"
  }
]
